file,releaseNo,commitNo
org.eclipse.platform\src\org\eclipse\core\launcher\Attic\Main.java,r323_v20071108,1.111.2.2
org.eclipse.platform\src\org\eclipse\core\launcher\Attic\Main.java,I20070410-0800,1.116
org.eclipse.platform\src\org\eclipse\core\launcher\Attic\Main.java,v20070316,1.116
org.eclipse.platform\src\org\eclipse\core\launcher\Attic\Main.java,v20070228-0800,1.116
org.eclipse.platform\src\org\eclipse\core\launcher\Attic\Main.java,R3_2_2,1.111.2.1
org.eclipse.platform\src\org\eclipse\core\launcher\Attic\Main.java,v20070205,1.116
org.eclipse.platform\src\org\eclipse\core\launcher\Attic\Main.java,v20070126,1.116
org.eclipse.platform\src\org\eclipse\core\launcher\Attic\Main.java,v20070124,1.116
org.eclipse.platform\src\org\eclipse\core\launcher\Attic\Main.java,v20070123,1.116
org.eclipse.platform\src\org\eclipse\core\launcher\Attic\Main.java,v20070119,1.116
org.eclipse.platform\src\org\eclipse\core\launcher\Attic\Main.java,r322_v20070117b,1.111.2.1
org.eclipse.platform\src\org\eclipse\core\launcher\Attic\Main.java,r322_v20070117,1.111.2.1
org.eclipse.platform\src\org\eclipse\core\launcher\Attic\Main.java,v20070117,1.116
org.eclipse.platform\src\org\eclipse\core\launcher\Attic\Main.java,v20070116,1.116
org.eclipse.platform\src\org\eclipse\core\launcher\Attic\Main.java,r322_v20070115,1.111.2.1
org.eclipse.platform\src\org\eclipse\core\launcher\Attic\Main.java,v20070111,1.111.2.1
org.eclipse.platform\src\org\eclipse\core\launcher\Attic\Main.java,v20070108,1.116
org.eclipse.platform\src\org\eclipse\core\launcher\Attic\Main.java,v20061215,1.116
org.eclipse.platform\src\org\eclipse\core\launcher\Attic\Main.java,v20061214,1.111
org.eclipse.platform\src\org\eclipse\core\launcher\Attic\Main.java,v20061211,1.115
org.eclipse.platform\src\org\eclipse\core\launcher\Attic\Main.java,v20061206,1.115
org.eclipse.platform\src\org\eclipse\core\launcher\Attic\Main.java,v20061130,1.115
org.eclipse.platform\src\org\eclipse\core\launcher\Attic\Main.java,v20061030,1.113
org.eclipse.platform\src\org\eclipse\core\launcher\Attic\Main.java,R3_2_1,1.111
org.eclipse.platform\src\org\eclipse\core\launcher\Attic\Main.java,r3025_v20060925,1.67.2.3
org.eclipse.platform\src\org\eclipse\core\launcher\Attic\Main.java,v20060829,1.112
org.eclipse.platform\src\org\eclipse\core\launcher\Attic\Main.java,R3_2,1.111
org.eclipse.platform\src\org\eclipse\core\launcher\Attic\Main.java,R3_2_maintenance,1.111.0.2
org.eclipse.platform\src\org\eclipse\core\launcher\Attic\Main.java,I20060605-1430,1.111
org.eclipse.platform\src\org\eclipse\core\launcher\Attic\Main.java,v20060601,1.111
org.eclipse.platform\src\org\eclipse\core\launcher\Attic\Main.java,v20060530,1.111
org.eclipse.platform\src\org\eclipse\core\launcher\Attic\Main.java,v20060529,1.111
org.eclipse.platform\src\org\eclipse\core\launcher\Attic\Main.java,v20060526,1.111
org.eclipse.platform\src\org\eclipse\core\launcher\Attic\Main.java,v20060525,1.111
org.eclipse.platform\src\org\eclipse\core\launcher\Attic\Main.java,v20060519a,1.111
org.eclipse.platform\src\org\eclipse\core\launcher\Attic\Main.java,v20060509,1.111
org.eclipse.platform\src\org\eclipse\core\launcher\Attic\Main.java,v20060508,1.111
org.eclipse.platform\src\org\eclipse\core\launcher\Attic\Main.java,v20060505,1.111
org.eclipse.platform\src\org\eclipse\core\launcher\Attic\Main.java,v20060504a,1.111
org.eclipse.platform\src\org\eclipse\core\launcher\Attic\Main.java,v20060503,1.110
org.eclipse.platform\src\org\eclipse\core\launcher\Attic\Main.java,v20060427-2000,1.110
org.eclipse.platform\src\org\eclipse\core\launcher\Attic\Main.java,v20060426,1.110
org.eclipse.platform\src\org\eclipse\core\launcher\Attic\Main.java,v20060413-1200,1.109
org.eclipse.platform\src\org\eclipse\core\launcher\Attic\Main.java,v20060412b,1.109
org.eclipse.platform\src\org\eclipse\core\launcher\Attic\Main.java,v20060404,1.109
org.eclipse.platform\src\org\eclipse\core\launcher\Attic\Main.java,v20060329,1.109
org.eclipse.platform\src\org\eclipse\core\launcher\Attic\Main.java,v20060327,1.108
org.eclipse.platform\src\org\eclipse\core\launcher\Attic\Main.java,v20060326,1.107
org.eclipse.platform\src\org\eclipse\core\launcher\Attic\Main.java,v20060322,1.104
org.eclipse.platform\src\org\eclipse\core\launcher\Attic\Main.java,v20060320a,1.104
org.eclipse.platform\src\org\eclipse\core\launcher\Attic\Main.java,v20060320,1.104
org.eclipse.platform\src\org\eclipse\core\launcher\Attic\Main.java,v20060317,1.104
org.eclipse.platform\src\org\eclipse\core\launcher\Attic\Main.java,r3024_v20060308,1.67.2.3
org.eclipse.platform\src\org\eclipse\core\launcher\Attic\Main.java,v20060227,1.104
org.eclipse.platform\src\org\eclipse\core\launcher\Attic\Main.java,v20060214-1600,1.104
org.eclipse.platform\src\org\eclipse\core\launcher\Attic\Main.java,R3_1_2,1.100.2.1
org.eclipse.platform\src\org\eclipse\core\launcher\Attic\Main.java,v20060131,1.104
org.eclipse.platform\src\org\eclipse\core\launcher\Attic\Main.java,r3023_v20051221,1.67.2.3
org.eclipse.platform\src\org\eclipse\core\launcher\Attic\Main.java,v20051213,1.103
org.eclipse.platform\src\org\eclipse\core\launcher\Attic\Main.java,v20051212,1.103
org.eclipse.platform\src\org\eclipse\core\launcher\Attic\Main.java,v20051201,1.103
org.eclipse.platform\src\org\eclipse\core\launcher\Attic\Main.java,r312_v20051116,1.100.2.1
org.eclipse.platform\src\org\eclipse\core\launcher\Attic\Main.java,v20051031,1.102
org.eclipse.platform\src\org\eclipse\core\launcher\Attic\Main.java,R3_1_1,1.100.2.1
org.eclipse.platform\src\org\eclipse\core\launcher\Attic\Main.java,r3022_v20050930,1.67.2.3
org.eclipse.platform\src\org\eclipse\core\launcher\Attic\Main.java,v20050819,1.100.2.1
org.eclipse.platform\src\org\eclipse\core\launcher\Attic\Main.java,v20050810,1.101
org.eclipse.platform\src\org\eclipse\core\launcher\Attic\Main.java,v20050804,1.101
org.eclipse.platform\src\org\eclipse\core\launcher\Attic\Main.java,r311_v20050719,1.100
org.eclipse.platform\src\org\eclipse\core\launcher\Attic\Main.java,R3_1_maintenance,1.100.0.2
org.eclipse.platform\src\org\eclipse\core\launcher\Attic\Main.java,R3_1,1.100
org.eclipse.platform\src\org\eclipse\core\launcher\Attic\Main.java,v20050623a,1.100
org.eclipse.platform\src\org\eclipse\core\launcher\Attic\Main.java,v20050623,1.100
org.eclipse.platform\src\org\eclipse\core\launcher\Attic\Main.java,v20050616-1045,1.100
org.eclipse.platform\src\org\eclipse\core\launcher\Attic\Main.java,v20050614,1.100
org.eclipse.platform\src\org\eclipse\core\launcher\Attic\Main.java,r3021_v20050613,1.67.2.3
org.eclipse.platform\src\org\eclipse\core\launcher\Attic\Main.java,v20050610b,1.100
org.eclipse.platform\src\org\eclipse\core\launcher\Attic\Main.java,v20050610-1200,1.100
org.eclipse.platform\src\org\eclipse\core\launcher\Attic\Main.java,v20050609-1119,1.99
org.eclipse.platform\src\org\eclipse\core\launcher\Attic\Main.java,v20050609,1.99
org.eclipse.platform\src\org\eclipse\core\launcher\Attic\Main.java,v20050609-1010,1.99
org.eclipse.platform\src\org\eclipse\core\launcher\Attic\Main.java,v20050526a,1.99
org.eclipse.platform\src\org\eclipse\core\launcher\Attic\Main.java,v20050526,1.98
org.eclipse.platform\src\org\eclipse\core\launcher\Attic\Main.java,v20050524-0600,1.96
org.eclipse.platform\src\org\eclipse\core\launcher\Attic\Main.java,v20050512,1.94
org.eclipse.platform\src\org\eclipse\core\launcher\Attic\Main.java,v20050511,1.93
org.eclipse.platform\src\org\eclipse\core\launcher\Attic\Main.java,v20050509,1.93
org.eclipse.platform\src\org\eclipse\core\launcher\Attic\Main.java,v20050506,1.93
org.eclipse.platform\src\org\eclipse\core\launcher\Attic\Main.java,v20050425,1.92
org.eclipse.platform\src\org\eclipse\core\launcher\Attic\Main.java,v20050422_ori,1.92
org.eclipse.platform\src\org\eclipse\core\launcher\Attic\Main.java,v20050418,1.88
org.eclipse.platform\src\org\eclipse\core\launcher\Attic\Main.java,v20050411,1.87
org.eclipse.platform\src\org\eclipse\core\launcher\Attic\Main.java,v20050404,1.85
org.eclipse.platform\src\org\eclipse\core\launcher\Attic\Main.java,v20050330a,1.84
org.eclipse.platform\src\org\eclipse\core\launcher\Attic\Main.java,v20050330,1.84
org.eclipse.platform\src\org\eclipse\core\launcher\Attic\Main.java,R3_0_2,1.67.2.3
org.eclipse.platform\src\org\eclipse\core\launcher\Attic\Main.java,v20050324,1.83
org.eclipse.platform\src\org\eclipse\core\launcher\Attic\Main.java,v20050302,1.79
org.eclipse.platform\src\org\eclipse\core\launcher\Attic\Main.java,v20050301,1.79
org.eclipse.platform\src\org\eclipse\core\launcher\Attic\Main.java,v20050226,1.79
org.eclipse.platform\src\org\eclipse\core\launcher\Attic\Main.java,v20050214b,1.78
org.eclipse.platform\src\org\eclipse\core\launcher\Attic\Main.java,v20050214,1.78
org.eclipse.platform\src\org\eclipse\core\launcher\Attic\Main.java,v20050210,1.75
org.eclipse.platform\src\org\eclipse\core\launcher\Attic\Main.java,v20050131,1.75
org.eclipse.platform\src\org\eclipse\core\launcher\Attic\Main.java,r302_v20050127,1.67.2.3
org.eclipse.platform\src\org\eclipse\core\launcher\Attic\Main.java,r302_v20050126,1.67.2.3
org.eclipse.platform\src\org\eclipse\core\launcher\Attic\Main.java,v20050124,1.73
org.eclipse.platform\src\org\eclipse\core\launcher\Attic\Main.java,r302_v20050110,1.67.2.3
org.eclipse.platform\src\org\eclipse\core\launcher\Attic\Main.java,v20050107,1.72
org.eclipse.platform\src\org\eclipse\core\launcher\Attic\Main.java,r302_v20041209,1.67.2.3
org.eclipse.platform\src\org\eclipse\core\launcher\Attic\Main.java,v20041109,1.71
org.eclipse.platform\src\org\eclipse\core\launcher\Attic\Main.java,r3011_v20040930a,1.67.2.3
org.eclipse.platform\src\org\eclipse\core\launcher\Attic\Main.java,r3011_v20040930,1.67.2.3
org.eclipse.platform\src\org\eclipse\core\launcher\Attic\Main.java,R3_0_1,1.67.2.3
org.eclipse.platform\src\org\eclipse\core\launcher\Attic\Main.java,v20040914,1.70
org.eclipse.platform\src\org\eclipse\core\launcher\Attic\Main.java,r301_v20040831,1.67.2.3
org.eclipse.platform\src\org\eclipse\core\launcher\Attic\Main.java,r301_v20040830,1.67.2.2
org.eclipse.platform\src\org\eclipse\core\launcher\Attic\Main.java,r301_v20040824,1.67.2.1
org.eclipse.platform\src\org\eclipse\core\launcher\Attic\Main.java,r301_v20040810,1.67
org.eclipse.platform\src\org\eclipse\core\launcher\Attic\Main.java,v20040728,1.67
org.eclipse.platform\src\org\eclipse\core\launcher\Attic\Main.java,r301_v20040728,1.67
org.eclipse.platform\src\org\eclipse\core\launcher\Attic\Main.java,v20040726,1.67
org.eclipse.platform\src\org\eclipse\core\launcher\Attic\Main.java,v20040715,1.67
org.eclipse.platform\src\org\eclipse\core\launcher\Attic\Main.java,r301_v20040715,1.67
org.eclipse.platform\src\org\eclipse\core\launcher\Attic\Main.java,r301_v20040714,1.67
org.eclipse.platform\src\org\eclipse\core\launcher\Attic\Main.java,R3_0_maintenance,1.67.0.2
org.eclipse.platform\src\org\eclipse\core\launcher\Attic\Main.java,R3_0,1.67
org.eclipse.platform\src\org\eclipse\core\launcher\Attic\Main.java,v20040624e,1.67
org.eclipse.platform\src\org\eclipse\core\launcher\Attic\Main.java,v20040622,1.66
org.eclipse.platform\src\org\eclipse\core\launcher\Attic\Main.java,v20040621,1.66
org.eclipse.platform\src\org\eclipse\core\launcher\Attic\Main.java,v20040619,1.66
org.eclipse.platform\src\org\eclipse\core\launcher\Attic\Main.java,v20040618,1.66
org.eclipse.platform\src\org\eclipse\core\launcher\Attic\Main.java,v20040617,1.66
org.eclipse.platform\src\org\eclipse\core\launcher\Attic\Main.java,v20040616a,1.66
org.eclipse.platform\src\org\eclipse\core\launcher\Attic\Main.java,v20040616,1.65
org.eclipse.platform\src\org\eclipse\core\launcher\Attic\Main.java,v20040611a,1.65
org.eclipse.platform\src\org\eclipse\core\launcher\Attic\Main.java,v20040611,1.65
org.eclipse.platform\src\org\eclipse\core\launcher\Attic\Main.java,v20040610,1.65
org.eclipse.platform\src\org\eclipse\core\launcher\Attic\Main.java,v20040607,1.65
org.eclipse.platform\src\org\eclipse\core\launcher\Attic\Main.java,v20040528,1.65
org.eclipse.platform\src\org\eclipse\core\launcher\Attic\Main.java,v20040527,1.65
org.eclipse.platform\src\org\eclipse\core\launcher\Attic\Main.java,v200405251600,1.64
org.eclipse.platform\src\org\eclipse\core\launcher\Attic\Main.java,v20040520d,1.64
org.eclipse.platform\src\org\eclipse\core\launcher\Attic\Main.java,v20040520c,1.64
org.eclipse.platform\src\org\eclipse\core\launcher\Attic\Main.java,v20040520b,1.64
org.eclipse.platform\src\org\eclipse\core\launcher\Attic\Main.java,v20040520a,1.63
org.eclipse.platform\src\org\eclipse\core\launcher\Attic\Main.java,v20040520,1.63
org.eclipse.platform\src\org\eclipse\core\launcher\Attic\Main.java,v20040518,1.63
org.eclipse.platform\src\org\eclipse\core\launcher\Attic\Main.java,v20040514,1.63
org.eclipse.platform\src\org\eclipse\core\launcher\Attic\Main.java,v20040510,1.61
org.eclipse.platform\src\org\eclipse\core\launcher\Attic\Main.java,v20040504,1.59
org.eclipse.platform\src\org\eclipse\core\launcher\Attic\Main.java,v20040427,1.58
org.eclipse.platform\src\org\eclipse\core\launcher\Attic\Main.java,v20040420,1.57
org.eclipse.platform\src\org\eclipse\core\launcher\Attic\Main.java,after_Equinox_organize,1.56
org.eclipse.platform\src\org\eclipse\core\launcher\Attic\Main.java,after_Equinox_reformat,1.56
org.eclipse.platform\src\org\eclipse\core\launcher\Attic\Main.java,after_dup_removal,1.55
org.eclipse.platform\src\org\eclipse\core\launcher\Attic\Main.java,before_dup_removal,1.55
org.eclipse.platform\src\org\eclipse\core\launcher\Attic\Main.java,v20040415,1.55
org.eclipse.platform\src\org\eclipse\core\launcher\Attic\Main.java,before_Equinox_reformat,1.55
org.eclipse.platform\src\org\eclipse\core\launcher\Attic\Main.java,v20040407,1.54
org.eclipse.platform\src\org\eclipse\core\launcher\Attic\Main.java,v20040406,1.54
org.eclipse.platform\src\org\eclipse\core\launcher\Attic\Main.java,v20040405,1.54
org.eclipse.platform\src\org\eclipse\core\launcher\Attic\Main.java,v20040402,1.54
org.eclipse.platform\src\org\eclipse\core\launcher\Attic\Main.java,v20040329,1.54
org.eclipse.platform\src\org\eclipse\core\launcher\Attic\Main.java,v20040326b,1.53
org.eclipse.platform\src\org\eclipse\core\launcher\Attic\Main.java,v20040326a,1.53
org.eclipse.platform\src\org\eclipse\core\launcher\Attic\Main.java,v20040326,1.53
org.eclipse.platform\src\org\eclipse\core\launcher\Attic\Main.java,v20040325,1.49.2.1
org.eclipse.platform\src\org\eclipse\core\launcher\Attic\Main.java,branch_30m8,1.49.0.2
org.eclipse.platform\src\org\eclipse\core\launcher\Attic\Main.java,v20040323d,1.49
org.eclipse.platform\src\org\eclipse\core\launcher\Attic\Main.java,v20040323c,1.49
org.eclipse.platform\src\org\eclipse\core\launcher\Attic\Main.java,v20040323b,1.48
org.eclipse.platform\src\org\eclipse\core\launcher\Attic\Main.java,v20040323a,1.48
org.eclipse.platform\src\org\eclipse\core\launcher\Attic\Main.java,v20040323,1.48
org.eclipse.platform\src\org\eclipse\core\launcher\Attic\Main.java,v20040322,1.46
org.eclipse.platform\src\org\eclipse\core\launcher\Attic\Main.java,v20040319,1.42
org.eclipse.platform\src\org\eclipse\core\launcher\Attic\Main.java,v20040318,1.42
org.eclipse.platform\src\org\eclipse\core\launcher\Attic\Main.java,R2_1_3,1.20
org.eclipse.platform\src\org\eclipse\core\launcher\Attic\Main.java,v20040315b,1.42
org.eclipse.platform\src\org\eclipse\core\launcher\Attic\Main.java,v20040315a,1.41
org.eclipse.platform\src\org\eclipse\core\launcher\Attic\Main.java,v20040315,1.40
org.eclipse.platform\src\org\eclipse\core\launcher\Attic\Main.java,v20040305,1.40
org.eclipse.platform\src\org\eclipse\core\launcher\Attic\Main.java,v20040302,1.40
org.eclipse.platform\src\org\eclipse\core\launcher\Attic\Main.java,v20040210,1.34
org.eclipse.platform\src\org\eclipse\core\launcher\Attic\Main.java,v20031218,1.34
org.eclipse.platform\src\org\eclipse\core\launcher\Attic\Main.java,v20031217,1.33
org.eclipse.platform\src\org\eclipse\core\launcher\Attic\Main.java,v20031216,1.32
org.eclipse.platform\src\org\eclipse\core\launcher\Attic\Main.java,v20031215,1.29
org.eclipse.platform\src\org\eclipse\core\launcher\Attic\Main.java,r213_v20031212,1.20
org.eclipse.platform\src\org\eclipse\core\launcher\Attic\Main.java,OSGi_startup,1.27.0.2
org.eclipse.platform\src\org\eclipse\core\launcher\Attic\Main.java,Root_OSGi_startup,1.27
org.eclipse.platform\src\org\eclipse\core\launcher\Attic\Main.java,R2_1_2_maintenance,1.20.0.6
org.eclipse.platform\src\org\eclipse\core\launcher\Attic\Main.java,Root_R2_1_2_maintenance,1.20
org.eclipse.platform\src\org\eclipse\core\launcher\Attic\Main.java,v20031121,1.26
org.eclipse.platform\src\org\eclipse\core\launcher\Attic\Main.java,v20031106,1.26
org.eclipse.platform\src\org\eclipse\core\launcher\Attic\Main.java,R2_1_2,1.20
org.eclipse.platform\src\org\eclipse\core\launcher\Attic\Main.java,v20031014,1.25
org.eclipse.platform\src\org\eclipse\core\launcher\Attic\Main.java,v20031008a,1.24
org.eclipse.platform\src\org\eclipse\core\launcher\Attic\Main.java,v20031008,1.23
org.eclipse.platform\src\org\eclipse\core\launcher\Attic\Main.java,v20030922,1.22
org.eclipse.platform\src\org\eclipse\core\launcher\Attic\Main.java,pre-merge20030922,1.21
org.eclipse.platform\src\org\eclipse\core\launcher\Attic\Main.java,R2_1_1,1.20
org.eclipse.platform\src\org\eclipse\core\launcher\Attic\Main.java,r212_20030909a,1.20
org.eclipse.platform\src\org\eclipse\core\launcher\Attic\Main.java,v20030821,1.21
org.eclipse.platform\src\org\eclipse\core\launcher\Attic\Main.java,r212_v20030710,1.20
org.eclipse.platform\src\org\eclipse\core\launcher\Attic\Main.java,v20030626,1.20
org.eclipse.platform\src\org\eclipse\core\launcher\Attic\Main.java,pre_restructure,1.20.0.4
org.eclipse.platform\src\org\eclipse\core\launcher\Attic\Main.java,Root_pre_restructure,1.20
org.eclipse.platform\src\org\eclipse\core\launcher\Attic\Main.java,v20030609,1.20
org.eclipse.platform\src\org\eclipse\core\launcher\Attic\Main.java,r211_v20030425a,1.20
org.eclipse.platform\src\org\eclipse\core\launcher\Attic\Main.java,r211_v20030425,1.20
org.eclipse.platform\src\org\eclipse\core\launcher\Attic\Main.java,R2_1_maintenance,1.20.0.2
org.eclipse.platform\src\org\eclipse\core\launcher\Attic\Main.java,Root_R2_1_maintenance,1.20
org.eclipse.platform\src\org\eclipse\core\launcher\Attic\Main.java,v20030409,1.20
org.eclipse.platform\src\org\eclipse\core\launcher\Attic\Main.java,v2031_20030401,1.17.2.1
org.eclipse.platform\src\org\eclipse\core\launcher\Attic\Main.java,R2_1,1.20
org.eclipse.platform\src\org\eclipse\core\launcher\Attic\Main.java,v20030324,1.20
org.eclipse.platform\src\org\eclipse\core\launcher\Attic\Main.java,v20030319,1.20
org.eclipse.platform\src\org\eclipse\core\launcher\Attic\Main.java,v20030310-postcopyrightupdate,1.19
org.eclipse.platform\src\org\eclipse\core\launcher\Attic\Main.java,v20030310-precopyrightupdate,1.18
org.eclipse.platform\src\org\eclipse\core\launcher\Attic\Main.java,v20030306,1.18
org.eclipse.platform\src\org\eclipse\core\launcher\Attic\Main.java,v20030219b,1.18
org.eclipse.platform\src\org\eclipse\core\launcher\Attic\Main.java,r203_v20030207,1.17.2.1
org.eclipse.platform\src\org\eclipse\core\launcher\Attic\Main.java,v20030203,1.18
org.eclipse.platform\src\org\eclipse\core\launcher\Attic\Main.java,v20030120,1.18
org.eclipse.platform\src\org\eclipse\core\launcher\Attic\Main.java,v20030115,1.18
org.eclipse.platform\src\org\eclipse\core\launcher\Attic\Main.java,v20021216,1.18
org.eclipse.platform\src\org\eclipse\core\launcher\Attic\Main.java,v20021113,1.18
org.eclipse.platform\src\org\eclipse\core\launcher\Attic\Main.java,r202_v20021002b,1.17.2.1
org.eclipse.platform\src\org\eclipse\core\launcher\Attic\Main.java,r202_v20021002a,1.17.2.1
org.eclipse.platform\src\org\eclipse\core\launcher\Attic\Main.java,v20020930,1.18
org.eclipse.platform\src\org\eclipse\core\launcher\Attic\Main.java,v20020918,1.18
org.eclipse.platform\src\org\eclipse\core\launcher\Attic\Main.java,v20020917,1.18
org.eclipse.platform\src\org\eclipse\core\launcher\Attic\Main.java,r202_v20020916,1.17.2.1
org.eclipse.platform\src\org\eclipse\core\launcher\Attic\Main.java,v20020820,1.18
org.eclipse.platform\src\org\eclipse\core\launcher\Attic\Main.java,r201_20020820,1.17.2.1
org.eclipse.platform\src\org\eclipse\core\launcher\Attic\Main.java,r201_v20020723,1.17
org.eclipse.platform\src\org\eclipse\core\launcher\Attic\Main.java,v20020723,1.17
org.eclipse.platform\src\org\eclipse\core\launcher\Attic\Main.java,R2_0_1,1.17.0.2
org.eclipse.platform\src\org\eclipse\core\launcher\Attic\Main.java,R2_0,1.17
org.eclipse.platform\src\org\eclipse\core\launcher\Attic\Main.java,v20020627,1.17
org.eclipse.platform\src\org\eclipse\core\launcher\Attic\Main.java,v20020622,1.17
org.eclipse.platform\src\org\eclipse\core\launcher\Attic\Main.java,v20020621,1.17
org.eclipse.platform\src\org\eclipse\core\launcher\Attic\Main.java,v20020620,1.17
org.eclipse.platform\src\org\eclipse\core\launcher\Attic\Main.java,v20020618,1.16
org.eclipse.platform\src\org\eclipse\core\launcher\Attic\Main.java,v20020617,1.14
org.eclipse.platform\src\org\eclipse\core\launcher\Attic\Main.java,v20020612a,1.14
org.eclipse.platform\src\org\eclipse\core\launcher\Attic\Main.java,v20020612,1.14
org.eclipse.platform\src\org\eclipse\core\launcher\Attic\Main.java,v20020611a,1.14
org.eclipse.platform\src\org\eclipse\core\launcher\Attic\Main.java,v20020611,1.14
org.eclipse.platform\src\org\eclipse\core\launcher\Attic\Main.java,v20020608,1.14
org.eclipse.platform\src\org\eclipse\core\launcher\Attic\Main.java,v20020607,1.14
org.eclipse.platform\src\org\eclipse\core\launcher\Attic\Main.java,v20020605,1.13
org.eclipse.platform\src\org\eclipse\core\launcher\Attic\Main.java,v20020531,1.13
org.eclipse.platform\src\org\eclipse\core\launcher\Attic\Main.java,v20020528,1.10
org.eclipse.platform\src\org\eclipse\core\launcher\Attic\Main.java,v20020521,1.9
org.eclipse.platform\src\org\eclipse\core\launcher\Attic\Main.java,v20020520,1.8
org.eclipse.platform\src\org\eclipse\core\launcher\Attic\Main.java,v20020519,1.8
org.eclipse.platform\src\org\eclipse\core\launcher\Attic\Main.java,v20020517,1.5
org.eclipse.platform\src\org\eclipse\core\launcher\Attic\Main.java,v20020515,1.2
org.eclipse.platform\src\org\eclipse\core\launcher\Attic\Main.java,v20020513,1.2
org.eclipse.platform\src\org\eclipse\core\launcher\Attic\Main.java,v20020510a,1.2;
org.eclipse.platform\src\org\eclipse\core\launcher\Attic\WebStartMain.java,r323_v20071108,1.8.2.3
org.eclipse.platform\src\org\eclipse\core\launcher\Attic\WebStartMain.java,I20070410-0800,1.10
org.eclipse.platform\src\org\eclipse\core\launcher\Attic\WebStartMain.java,v20070316,1.10
org.eclipse.platform\src\org\eclipse\core\launcher\Attic\WebStartMain.java,v20070228-0800,1.10
org.eclipse.platform\src\org\eclipse\core\launcher\Attic\WebStartMain.java,R3_2_2,1.8.2.3
org.eclipse.platform\src\org\eclipse\core\launcher\Attic\WebStartMain.java,v20070205,1.10
org.eclipse.platform\src\org\eclipse\core\launcher\Attic\WebStartMain.java,v20070126,1.10
org.eclipse.platform\src\org\eclipse\core\launcher\Attic\WebStartMain.java,v20070124,1.10
org.eclipse.platform\src\org\eclipse\core\launcher\Attic\WebStartMain.java,v20070123,1.10
org.eclipse.platform\src\org\eclipse\core\launcher\Attic\WebStartMain.java,v20070119,1.10
org.eclipse.platform\src\org\eclipse\core\launcher\Attic\WebStartMain.java,r322_v20070117b,1.8.2.3
org.eclipse.platform\src\org\eclipse\core\launcher\Attic\WebStartMain.java,r322_v20070117,1.8.2.3
org.eclipse.platform\src\org\eclipse\core\launcher\Attic\WebStartMain.java,v20070117,1.10
org.eclipse.platform\src\org\eclipse\core\launcher\Attic\WebStartMain.java,v20070116,1.10
org.eclipse.platform\src\org\eclipse\core\launcher\Attic\WebStartMain.java,r322_v20070115,1.8.2.3
org.eclipse.platform\src\org\eclipse\core\launcher\Attic\WebStartMain.java,v20070111,1.8.2.3
org.eclipse.platform\src\org\eclipse\core\launcher\Attic\WebStartMain.java,v20070108,1.10
org.eclipse.platform\src\org\eclipse\core\launcher\Attic\WebStartMain.java,v20061215,1.10
org.eclipse.platform\src\org\eclipse\core\launcher\Attic\WebStartMain.java,v20061214,1.8.2.1
org.eclipse.platform\src\org\eclipse\core\launcher\Attic\WebStartMain.java,v20061211,1.8
org.eclipse.platform\src\org\eclipse\core\launcher\Attic\WebStartMain.java,v20061206,1.8
org.eclipse.platform\src\org\eclipse\core\launcher\Attic\WebStartMain.java,v20061130,1.8
org.eclipse.platform\src\org\eclipse\core\launcher\Attic\WebStartMain.java,v20061030,1.8
org.eclipse.platform\src\org\eclipse\core\launcher\Attic\WebStartMain.java,R3_2_1,1.8
org.eclipse.platform\src\org\eclipse\core\launcher\Attic\WebStartMain.java,v20060829,1.8
org.eclipse.platform\src\org\eclipse\core\launcher\Attic\WebStartMain.java,R3_2,1.8
org.eclipse.platform\src\org\eclipse\core\launcher\Attic\WebStartMain.java,R3_2_maintenance,1.8.0.2
org.eclipse.platform\src\org\eclipse\core\launcher\Attic\WebStartMain.java,I20060605-1430,1.8
org.eclipse.platform\src\org\eclipse\core\launcher\Attic\WebStartMain.java,v20060601,1.8
org.eclipse.platform\src\org\eclipse\core\launcher\Attic\WebStartMain.java,v20060530,1.8
org.eclipse.platform\src\org\eclipse\core\launcher\Attic\WebStartMain.java,v20060529,1.8
org.eclipse.platform\src\org\eclipse\core\launcher\Attic\WebStartMain.java,v20060526,1.8
org.eclipse.platform\src\org\eclipse\core\launcher\Attic\WebStartMain.java,v20060525,1.8
org.eclipse.platform\src\org\eclipse\core\launcher\Attic\WebStartMain.java,v20060519a,1.8
org.eclipse.platform\src\org\eclipse\core\launcher\Attic\WebStartMain.java,v20060509,1.8
org.eclipse.platform\src\org\eclipse\core\launcher\Attic\WebStartMain.java,v20060508,1.8
org.eclipse.platform\src\org\eclipse\core\launcher\Attic\WebStartMain.java,v20060505,1.8
org.eclipse.platform\src\org\eclipse\core\launcher\Attic\WebStartMain.java,v20060504a,1.8
org.eclipse.platform\src\org\eclipse\core\launcher\Attic\WebStartMain.java,v20060503,1.7
org.eclipse.platform\src\org\eclipse\core\launcher\Attic\WebStartMain.java,v20060427-2000,1.7
org.eclipse.platform\src\org\eclipse\core\launcher\Attic\WebStartMain.java,v20060426,1.7
org.eclipse.platform\src\org\eclipse\core\launcher\Attic\WebStartMain.java,v20060413-1200,1.7
org.eclipse.platform\src\org\eclipse\core\launcher\Attic\WebStartMain.java,v20060412b,1.7
org.eclipse.platform\src\org\eclipse\core\launcher\Attic\WebStartMain.java,v20060404,1.7
org.eclipse.platform\src\org\eclipse\core\launcher\Attic\WebStartMain.java,v20060329,1.7
org.eclipse.platform\src\org\eclipse\core\launcher\Attic\WebStartMain.java,v20060327,1.7
org.eclipse.platform\src\org\eclipse\core\launcher\Attic\WebStartMain.java,v20060326,1.7
org.eclipse.platform\src\org\eclipse\core\launcher\Attic\WebStartMain.java,v20060322,1.6
org.eclipse.platform\src\org\eclipse\core\launcher\Attic\WebStartMain.java,v20060320a,1.6
org.eclipse.platform\src\org\eclipse\core\launcher\Attic\WebStartMain.java,v20060320,1.6
org.eclipse.platform\src\org\eclipse\core\launcher\Attic\WebStartMain.java,v20060317,1.5
org.eclipse.platform\src\org\eclipse\core\launcher\Attic\WebStartMain.java,v20060227,1.5
org.eclipse.platform\src\org\eclipse\core\launcher\Attic\WebStartMain.java,v20060214-1600,1.5
org.eclipse.platform\src\org\eclipse\core\launcher\Attic\WebStartMain.java,R3_1_2,1.3.2.1
org.eclipse.platform\src\org\eclipse\core\launcher\Attic\WebStartMain.java,v20060131,1.5
org.eclipse.platform\src\org\eclipse\core\launcher\Attic\WebStartMain.java,v20051213,1.4
org.eclipse.platform\src\org\eclipse\core\launcher\Attic\WebStartMain.java,v20051212,1.4
org.eclipse.platform\src\org\eclipse\core\launcher\Attic\WebStartMain.java,v20051201,1.4
org.eclipse.platform\src\org\eclipse\core\launcher\Attic\WebStartMain.java,r312_v20051116,1.3.2.1
org.eclipse.platform\src\org\eclipse\core\launcher\Attic\WebStartMain.java,v20051031,1.4
org.eclipse.platform\src\org\eclipse\core\launcher\Attic\WebStartMain.java,R3_1_1,1.3.2.1
org.eclipse.platform\src\org\eclipse\core\launcher\Attic\WebStartMain.java,v20050819,1.3.2.1
org.eclipse.platform\src\org\eclipse\core\launcher\Attic\WebStartMain.java,v20050810,1.3
org.eclipse.platform\src\org\eclipse\core\launcher\Attic\WebStartMain.java,v20050804,1.3
org.eclipse.platform\src\org\eclipse\core\launcher\Attic\WebStartMain.java,r311_v20050719,1.3
org.eclipse.platform\src\org\eclipse\core\launcher\Attic\WebStartMain.java,R3_1_maintenance,1.3.0.2
org.eclipse.platform\src\org\eclipse\core\launcher\Attic\WebStartMain.java,R3_1,1.3
org.eclipse.platform\src\org\eclipse\core\launcher\Attic\WebStartMain.java,v20050623a,1.3
org.eclipse.platform\src\org\eclipse\core\launcher\Attic\WebStartMain.java,v20050623,1.3
org.eclipse.platform\src\org\eclipse\core\launcher\Attic\WebStartMain.java,v20050616-1045,1.3
org.eclipse.platform\src\org\eclipse\core\launcher\Attic\WebStartMain.java,v20050614,1.3
org.eclipse.platform\src\org\eclipse\core\launcher\Attic\WebStartMain.java,v20050610b,1.3
org.eclipse.platform\src\org\eclipse\core\launcher\Attic\WebStartMain.java,v20050610-1200,1.3
org.eclipse.platform\src\org\eclipse\core\launcher\Attic\WebStartMain.java,v20050609-1119,1.3
org.eclipse.platform\src\org\eclipse\core\launcher\Attic\WebStartMain.java,v20050609,1.3
org.eclipse.platform\src\org\eclipse\core\launcher\Attic\WebStartMain.java,v20050609-1010,1.3
org.eclipse.platform\src\org\eclipse\core\launcher\Attic\WebStartMain.java,v20050526a,1.3
org.eclipse.platform\src\org\eclipse\core\launcher\Attic\WebStartMain.java,v20050526,1.2
org.eclipse.platform\src\org\eclipse\core\launcher\Attic\WebStartMain.java,v20050524-0600,1.2
org.eclipse.platform\src\org\eclipse\core\launcher\Attic\WebStartMain.java,v20050512,1.2
org.eclipse.platform\src\org\eclipse\core\launcher\Attic\WebStartMain.java,v20050511,1.2
org.eclipse.platform\src\org\eclipse\core\launcher\Attic\WebStartMain.java,v20050509,1.2
org.eclipse.platform\src\org\eclipse\core\launcher\Attic\WebStartMain.java,v20050506,1.2
org.eclipse.platform\src\org\eclipse\core\launcher\Attic\WebStartMain.java,v20050425,1.2
org.eclipse.platform\src\org\eclipse\core\launcher\Attic\WebStartMain.java,v20050422_ori,1.2
org.eclipse.platform\src\org\eclipse\core\launcher\Attic\WebStartMain.java,v20050418,1.2
org.eclipse.platform\src\org\eclipse\core\launcher\Attic\WebStartMain.java,v20050411,1.2
org.eclipse.platform\src\org\eclipse\core\launcher\Attic\WebStartMain.java,v20050404,1.2
org.eclipse.platform\src\org\eclipse\core\launcher\Attic\WebStartMain.java,v20050330a,1.2
org.eclipse.platform\src\org\eclipse\core\launcher\Attic\WebStartMain.java,v20050330,1.2
org.eclipse.platform\src\org\eclipse\core\launcher\Attic\WebStartMain.java,v20050324,1.2
org.eclipse.platform\src\org\eclipse\core\launcher\Attic\WebStartMain.java,v20050302,1.2
org.eclipse.platform\src\org\eclipse\core\launcher\Attic\WebStartMain.java,v20050301,1.2
org.eclipse.platform\src\org\eclipse\core\launcher\Attic\WebStartMain.java,v20050226,1.2
org.eclipse.platform\src\org\eclipse\core\launcher\Attic\WebStartMain.java,v20050214b,1.1;
org.eclipse.platform\src-intro\org\eclipse\platform\internal\CheatSheetStandbyContent.java,v20100521-1400,1.11
org.eclipse.platform\src-intro\org\eclipse\platform\internal\CheatSheetStandbyContent.java,v20100520-1630,1.11
org.eclipse.platform\src-intro\org\eclipse\platform\internal\CheatSheetStandbyContent.java,v20100520-1200,1.11
org.eclipse.platform\src-intro\org\eclipse\platform\internal\CheatSheetStandbyContent.java,v20100517,1.11
org.eclipse.platform\src-intro\org\eclipse\platform\internal\CheatSheetStandbyContent.java,v20100510-1130,1.11
org.eclipse.platform\src-intro\org\eclipse\platform\internal\CheatSheetStandbyContent.java,v20100506-1500,1.11
org.eclipse.platform\src-intro\org\eclipse\platform\internal\CheatSheetStandbyContent.java,v20100504-1500,1.11
org.eclipse.platform\src-intro\org\eclipse\platform\internal\CheatSheetStandbyContent.java,v20100503-1900,1.11
org.eclipse.platform\src-intro\org\eclipse\platform\internal\CheatSheetStandbyContent.java,v20100421-2230,1.11
org.eclipse.platform\src-intro\org\eclipse\platform\internal\CheatSheetStandbyContent.java,v20100417-2200,1.11
org.eclipse.platform\src-intro\org\eclipse\platform\internal\CheatSheetStandbyContent.java,v20100416-1111,1.11
org.eclipse.platform\src-intro\org\eclipse\platform\internal\CheatSheetStandbyContent.java,R1_0M5,1.11
org.eclipse.platform\src-intro\org\eclipse\platform\internal\CheatSheetStandbyContent.java,v20100411-1600,1.11
org.eclipse.platform\src-intro\org\eclipse\platform\internal\CheatSheetStandbyContent.java,v20100409-1554,1.11
org.eclipse.platform\src-intro\org\eclipse\platform\internal\CheatSheetStandbyContent.java,v20100408-2247,1.11
org.eclipse.platform\src-intro\org\eclipse\platform\internal\CheatSheetStandbyContent.java,v20100408-0500,1.11
org.eclipse.platform\src-intro\org\eclipse\platform\internal\CheatSheetStandbyContent.java,v20100407,1.11
org.eclipse.platform\src-intro\org\eclipse\platform\internal\CheatSheetStandbyContent.java,v20100406-1735,1.11
org.eclipse.platform\src-intro\org\eclipse\platform\internal\CheatSheetStandbyContent.java,R4_HEAD,1.11.0.12
org.eclipse.platform\src-intro\org\eclipse\platform\internal\CheatSheetStandbyContent.java,Root_R4_HEAD,1.11
org.eclipse.platform\src-intro\org\eclipse\platform\internal\CheatSheetStandbyContent.java,v20100216,1.11
org.eclipse.platform\src-intro\org\eclipse\platform\internal\CheatSheetStandbyContent.java,v20100203,1.11
org.eclipse.platform\src-intro\org\eclipse\platform\internal\CheatSheetStandbyContent.java,v20100202,1.11
org.eclipse.platform\src-intro\org\eclipse\platform\internal\CheatSheetStandbyContent.java,v20100201,1.11
org.eclipse.platform\src-intro\org\eclipse\platform\internal\CheatSheetStandbyContent.java,R35x_v20100121,1.11
org.eclipse.platform\src-intro\org\eclipse\platform\internal\CheatSheetStandbyContent.java,R35x_v20100112,1.11
org.eclipse.platform\src-intro\org\eclipse\platform\internal\CheatSheetStandbyContent.java,Root_R3_5_maintenance,1.11
org.eclipse.platform\src-intro\org\eclipse\platform\internal\CheatSheetStandbyContent.java,R35x_v20100108,1.11
org.eclipse.platform\src-intro\org\eclipse\platform\internal\CheatSheetStandbyContent.java,v20091214,1.11
org.eclipse.platform\src-intro\org\eclipse\platform\internal\CheatSheetStandbyContent.java,v20091130,1.11
org.eclipse.platform\src-intro\org\eclipse\platform\internal\CheatSheetStandbyContent.java,v20091117,1.11
org.eclipse.platform\src-intro\org\eclipse\platform\internal\CheatSheetStandbyContent.java,v20091116,1.11
org.eclipse.platform\src-intro\org\eclipse\platform\internal\CheatSheetStandbyContent.java,v20091106,1.11
org.eclipse.platform\src-intro\org\eclipse\platform\internal\CheatSheetStandbyContent.java,v200910260800,1.11
org.eclipse.platform\src-intro\org\eclipse\platform\internal\CheatSheetStandbyContent.java,R3_5_1,1.11
org.eclipse.platform\src-intro\org\eclipse\platform\internal\CheatSheetStandbyContent.java,v20090921-1800,1.11
org.eclipse.platform\src-intro\org\eclipse\platform\internal\CheatSheetStandbyContent.java,v20090918,1.11
org.eclipse.platform\src-intro\org\eclipse\platform\internal\CheatSheetStandbyContent.java,R35x_v20090813,1.11
org.eclipse.platform\src-intro\org\eclipse\platform\internal\CheatSheetStandbyContent.java,R3_5_maintenance,1.11.0.10
org.eclipse.platform\src-intro\org\eclipse\platform\internal\CheatSheetStandbyContent.java,R3_5,1.11
org.eclipse.platform\src-intro\org\eclipse\platform\internal\CheatSheetStandbyContent.java,v20090519,1.11
org.eclipse.platform\src-intro\org\eclipse\platform\internal\CheatSheetStandbyContent.java,v20090330,1.11
org.eclipse.platform\src-intro\org\eclipse\platform\internal\CheatSheetStandbyContent.java,v20090309,1.11
org.eclipse.platform\src-intro\org\eclipse\platform\internal\CheatSheetStandbyContent.java,v20090305,1.11
org.eclipse.platform\src-intro\org\eclipse\platform\internal\CheatSheetStandbyContent.java,R3_4_2,1.11
org.eclipse.platform\src-intro\org\eclipse\platform\internal\CheatSheetStandbyContent.java,v200901301500,1.11
org.eclipse.platform\src-intro\org\eclipse\platform\internal\CheatSheetStandbyContent.java,v200901301200,1.11
org.eclipse.platform\src-intro\org\eclipse\platform\internal\CheatSheetStandbyContent.java,R342_v20090126,1.11
org.eclipse.platform\src-intro\org\eclipse\platform\internal\CheatSheetStandbyContent.java,v20090123,1.11
org.eclipse.platform\src-intro\org\eclipse\platform\internal\CheatSheetStandbyContent.java,R342_v20090122,1.11
org.eclipse.platform\src-intro\org\eclipse\platform\internal\CheatSheetStandbyContent.java,v20081211,1.11
org.eclipse.platform\src-intro\org\eclipse\platform\internal\CheatSheetStandbyContent.java,v20081209,1.11
org.eclipse.platform\src-intro\org\eclipse\platform\internal\CheatSheetStandbyContent.java,v20081208,1.11
org.eclipse.platform\src-intro\org\eclipse\platform\internal\CheatSheetStandbyContent.java,r20081205,1.11
org.eclipse.platform\src-intro\org\eclipse\platform\internal\CheatSheetStandbyContent.java,v20081121,1.11
org.eclipse.platform\src-intro\org\eclipse\platform\internal\CheatSheetStandbyContent.java,v20081107,1.11
org.eclipse.platform\src-intro\org\eclipse\platform\internal\CheatSheetStandbyContent.java,R3_4_1,1.11
org.eclipse.platform\src-intro\org\eclipse\platform\internal\CheatSheetStandbyContent.java,R34x_v20080818,1.11
org.eclipse.platform\src-intro\org\eclipse\platform\internal\CheatSheetStandbyContent.java,r341_v20080731,1.11
org.eclipse.platform\src-intro\org\eclipse\platform\internal\CheatSheetStandbyContent.java,r341_v20080703,1.11
org.eclipse.platform\src-intro\org\eclipse\platform\internal\CheatSheetStandbyContent.java,R3_4_maintenance,1.11.0.8
org.eclipse.platform\src-intro\org\eclipse\platform\internal\CheatSheetStandbyContent.java,r20080703,1.11
org.eclipse.platform\src-intro\org\eclipse\platform\internal\CheatSheetStandbyContent.java,R3_4,1.11
org.eclipse.platform\src-intro\org\eclipse\platform\internal\CheatSheetStandbyContent.java,v20080606,1.11
org.eclipse.platform\src-intro\org\eclipse\platform\internal\CheatSheetStandbyContent.java,R3_3_2,1.11
org.eclipse.platform\src-intro\org\eclipse\platform\internal\CheatSheetStandbyContent.java,v20080403,1.11
org.eclipse.platform\src-intro\org\eclipse\platform\internal\CheatSheetStandbyContent.java,I20080320,1.11
org.eclipse.platform\src-intro\org\eclipse\platform\internal\CheatSheetStandbyContent.java,I20080318,1.11
org.eclipse.platform\src-intro\org\eclipse\platform\internal\CheatSheetStandbyContent.java,I20080204-0800,1.11
org.eclipse.platform\src-intro\org\eclipse\platform\internal\CheatSheetStandbyContent.java,r33x_r20080129,1.11
org.eclipse.platform\src-intro\org\eclipse\platform\internal\CheatSheetStandbyContent.java,R33x_v20080130,1.11
org.eclipse.platform\src-intro\org\eclipse\platform\internal\CheatSheetStandbyContent.java,I20080205-0800,1.11
org.eclipse.platform\src-intro\org\eclipse\platform\internal\CheatSheetStandbyContent.java,v20080107,1.11
org.eclipse.platform\src-intro\org\eclipse\platform\internal\CheatSheetStandbyContent.java,R33x_v20071217,1.11
org.eclipse.platform\src-intro\org\eclipse\platform\internal\CheatSheetStandbyContent.java,R33x_v20071117,1.11
org.eclipse.platform\src-intro\org\eclipse\platform\internal\CheatSheetStandbyContent.java,r323_v20071108,1.11
org.eclipse.platform\src-intro\org\eclipse\platform\internal\CheatSheetStandbyContent.java,I20071113,1.11
org.eclipse.platform\src-intro\org\eclipse\platform\internal\CheatSheetStandbyContent.java,R3_3_1_1,1.11
org.eclipse.platform\src-intro\org\eclipse\platform\internal\CheatSheetStandbyContent.java,R33x_v20071022,1.11
org.eclipse.platform\src-intro\org\eclipse\platform\internal\CheatSheetStandbyContent.java,R3_3_1_maintenance,1.11.0.6
org.eclipse.platform\src-intro\org\eclipse\platform\internal\CheatSheetStandbyContent.java,R33x_v20071010,1.11
org.eclipse.platform\src-intro\org\eclipse\platform\internal\CheatSheetStandbyContent.java,R3_3_1,1.11
org.eclipse.platform\src-intro\org\eclipse\platform\internal\CheatSheetStandbyContent.java,v20070807,1.11
org.eclipse.platform\src-intro\org\eclipse\platform\internal\CheatSheetStandbyContent.java,M20070725,1.11
org.eclipse.platform\src-intro\org\eclipse\platform\internal\CheatSheetStandbyContent.java,M20070718,1.11
org.eclipse.platform\src-intro\org\eclipse\platform\internal\CheatSheetStandbyContent.java,I20070717-0800,1.11
org.eclipse.platform\src-intro\org\eclipse\platform\internal\CheatSheetStandbyContent.java,R3_3_maintenance,1.11.0.4
org.eclipse.platform\src-intro\org\eclipse\platform\internal\CheatSheetStandbyContent.java,R3_3,1.11
org.eclipse.platform\src-intro\org\eclipse\platform\internal\CheatSheetStandbyContent.java,pre_R3_3,1.11
org.eclipse.platform\src-intro\org\eclipse\platform\internal\CheatSheetStandbyContent.java,v20070613,1.11
org.eclipse.platform\src-intro\org\eclipse\platform\internal\CheatSheetStandbyContent.java,v20070607,1.11
org.eclipse.platform\src-intro\org\eclipse\platform\internal\CheatSheetStandbyContent.java,v20070605,1.11
org.eclipse.platform\src-intro\org\eclipse\platform\internal\CheatSheetStandbyContent.java,v20070601,1.11
org.eclipse.platform\src-intro\org\eclipse\platform\internal\CheatSheetStandbyContent.java,I20070531-1800,1.11
org.eclipse.platform\src-intro\org\eclipse\platform\internal\CheatSheetStandbyContent.java,v20070531,1.11
org.eclipse.platform\src-intro\org\eclipse\platform\internal\CheatSheetStandbyContent.java,v20070419,1.11
org.eclipse.platform\src-intro\org\eclipse\platform\internal\CheatSheetStandbyContent.java,I20070410-0800,1.11
org.eclipse.platform\src-intro\org\eclipse\platform\internal\CheatSheetStandbyContent.java,v20070316,1.11
org.eclipse.platform\src-intro\org\eclipse\platform\internal\CheatSheetStandbyContent.java,v20070228-0800,1.11
org.eclipse.platform\src-intro\org\eclipse\platform\internal\CheatSheetStandbyContent.java,R3_2_2,1.11
org.eclipse.platform\src-intro\org\eclipse\platform\internal\CheatSheetStandbyContent.java,v20070205,1.11
org.eclipse.platform\src-intro\org\eclipse\platform\internal\CheatSheetStandbyContent.java,v20070126,1.11
org.eclipse.platform\src-intro\org\eclipse\platform\internal\CheatSheetStandbyContent.java,v20070124,1.11
org.eclipse.platform\src-intro\org\eclipse\platform\internal\CheatSheetStandbyContent.java,v20070123,1.11
org.eclipse.platform\src-intro\org\eclipse\platform\internal\CheatSheetStandbyContent.java,v20070119,1.11
org.eclipse.platform\src-intro\org\eclipse\platform\internal\CheatSheetStandbyContent.java,r322_v20070117b,1.11
org.eclipse.platform\src-intro\org\eclipse\platform\internal\CheatSheetStandbyContent.java,r322_v20070117,1.11
org.eclipse.platform\src-intro\org\eclipse\platform\internal\CheatSheetStandbyContent.java,v20070117,1.11
org.eclipse.platform\src-intro\org\eclipse\platform\internal\CheatSheetStandbyContent.java,v20070116,1.11
org.eclipse.platform\src-intro\org\eclipse\platform\internal\CheatSheetStandbyContent.java,r322_v20070115,1.11
org.eclipse.platform\src-intro\org\eclipse\platform\internal\CheatSheetStandbyContent.java,v20070111,1.11
org.eclipse.platform\src-intro\org\eclipse\platform\internal\CheatSheetStandbyContent.java,v20070108,1.11
org.eclipse.platform\src-intro\org\eclipse\platform\internal\CheatSheetStandbyContent.java,v20061215,1.11
org.eclipse.platform\src-intro\org\eclipse\platform\internal\CheatSheetStandbyContent.java,v20061214,1.11
org.eclipse.platform\src-intro\org\eclipse\platform\internal\CheatSheetStandbyContent.java,v20061211,1.11
org.eclipse.platform\src-intro\org\eclipse\platform\internal\CheatSheetStandbyContent.java,v20061206,1.11
org.eclipse.platform\src-intro\org\eclipse\platform\internal\CheatSheetStandbyContent.java,v20061130,1.11
org.eclipse.platform\src-intro\org\eclipse\platform\internal\CheatSheetStandbyContent.java,v20061030,1.11
org.eclipse.platform\src-intro\org\eclipse\platform\internal\CheatSheetStandbyContent.java,R3_2_1,1.11
org.eclipse.platform\src-intro\org\eclipse\platform\internal\CheatSheetStandbyContent.java,r3025_v20060925,1.7
org.eclipse.platform\src-intro\org\eclipse\platform\internal\CheatSheetStandbyContent.java,v20060829,1.11
org.eclipse.platform\src-intro\org\eclipse\platform\internal\CheatSheetStandbyContent.java,R3_2,1.11
org.eclipse.platform\src-intro\org\eclipse\platform\internal\CheatSheetStandbyContent.java,R3_2_maintenance,1.11.0.2
org.eclipse.platform\src-intro\org\eclipse\platform\internal\CheatSheetStandbyContent.java,I20060605-1430,1.11
org.eclipse.platform\src-intro\org\eclipse\platform\internal\CheatSheetStandbyContent.java,v20060601,1.11
org.eclipse.platform\src-intro\org\eclipse\platform\internal\CheatSheetStandbyContent.java,v20060530,1.11
org.eclipse.platform\src-intro\org\eclipse\platform\internal\CheatSheetStandbyContent.java,v20060529,1.11
org.eclipse.platform\src-intro\org\eclipse\platform\internal\CheatSheetStandbyContent.java,v20060526,1.11
org.eclipse.platform\src-intro\org\eclipse\platform\internal\CheatSheetStandbyContent.java,v20060525,1.11
org.eclipse.platform\src-intro\org\eclipse\platform\internal\CheatSheetStandbyContent.java,v20060519a,1.11
org.eclipse.platform\src-intro\org\eclipse\platform\internal\CheatSheetStandbyContent.java,v20060509,1.11
org.eclipse.platform\src-intro\org\eclipse\platform\internal\CheatSheetStandbyContent.java,v20060508,1.11
org.eclipse.platform\src-intro\org\eclipse\platform\internal\CheatSheetStandbyContent.java,v20060505,1.11
org.eclipse.platform\src-intro\org\eclipse\platform\internal\CheatSheetStandbyContent.java,v20060504a,1.11
org.eclipse.platform\src-intro\org\eclipse\platform\internal\CheatSheetStandbyContent.java,v20060503,1.11
org.eclipse.platform\src-intro\org\eclipse\platform\internal\CheatSheetStandbyContent.java,v20060427-2000,1.11
org.eclipse.platform\src-intro\org\eclipse\platform\internal\CheatSheetStandbyContent.java,v20060426,1.11
org.eclipse.platform\src-intro\org\eclipse\platform\internal\CheatSheetStandbyContent.java,v20060413-1200,1.11
org.eclipse.platform\src-intro\org\eclipse\platform\internal\CheatSheetStandbyContent.java,v20060412b,1.11
org.eclipse.platform\src-intro\org\eclipse\platform\internal\CheatSheetStandbyContent.java,v20060404,1.11
org.eclipse.platform\src-intro\org\eclipse\platform\internal\CheatSheetStandbyContent.java,v20060329,1.11
org.eclipse.platform\src-intro\org\eclipse\platform\internal\CheatSheetStandbyContent.java,v20060327,1.9
org.eclipse.platform\src-intro\org\eclipse\platform\internal\CheatSheetStandbyContent.java,v20060326,1.10
org.eclipse.platform\src-intro\org\eclipse\platform\internal\CheatSheetStandbyContent.java,v20060322,1.9
org.eclipse.platform\src-intro\org\eclipse\platform\internal\CheatSheetStandbyContent.java,v20060320a,1.9
org.eclipse.platform\src-intro\org\eclipse\platform\internal\CheatSheetStandbyContent.java,v20060320,1.9
org.eclipse.platform\src-intro\org\eclipse\platform\internal\CheatSheetStandbyContent.java,v20060317,1.9
org.eclipse.platform\src-intro\org\eclipse\platform\internal\CheatSheetStandbyContent.java,r3024_v20060308,1.7
org.eclipse.platform\src-intro\org\eclipse\platform\internal\CheatSheetStandbyContent.java,v20060227,1.9
org.eclipse.platform\src-intro\org\eclipse\platform\internal\CheatSheetStandbyContent.java,v20060214-1600,1.9
org.eclipse.platform\src-intro\org\eclipse\platform\internal\CheatSheetStandbyContent.java,R3_1_2,1.9
org.eclipse.platform\src-intro\org\eclipse\platform\internal\CheatSheetStandbyContent.java,v20060131,1.9
org.eclipse.platform\src-intro\org\eclipse\platform\internal\CheatSheetStandbyContent.java,r3023_v20051221,1.7
org.eclipse.platform\src-intro\org\eclipse\platform\internal\CheatSheetStandbyContent.java,v20051213,1.9
org.eclipse.platform\src-intro\org\eclipse\platform\internal\CheatSheetStandbyContent.java,v20051212,1.9
org.eclipse.platform\src-intro\org\eclipse\platform\internal\CheatSheetStandbyContent.java,v20051201,1.9
org.eclipse.platform\src-intro\org\eclipse\platform\internal\CheatSheetStandbyContent.java,r312_v20051116,1.9
org.eclipse.platform\src-intro\org\eclipse\platform\internal\CheatSheetStandbyContent.java,v20051031,1.9
org.eclipse.platform\src-intro\org\eclipse\platform\internal\CheatSheetStandbyContent.java,R3_1_1,1.9
org.eclipse.platform\src-intro\org\eclipse\platform\internal\CheatSheetStandbyContent.java,r3022_v20050930,1.7
org.eclipse.platform\src-intro\org\eclipse\platform\internal\CheatSheetStandbyContent.java,v20050819,1.9
org.eclipse.platform\src-intro\org\eclipse\platform\internal\CheatSheetStandbyContent.java,v20050810,1.9
org.eclipse.platform\src-intro\org\eclipse\platform\internal\CheatSheetStandbyContent.java,v20050804,1.9
org.eclipse.platform\src-intro\org\eclipse\platform\internal\CheatSheetStandbyContent.java,r311_v20050719,1.9
org.eclipse.platform\src-intro\org\eclipse\platform\internal\CheatSheetStandbyContent.java,R3_1_maintenance,1.9.0.2
org.eclipse.platform\src-intro\org\eclipse\platform\internal\CheatSheetStandbyContent.java,R3_1,1.9
org.eclipse.platform\src-intro\org\eclipse\platform\internal\CheatSheetStandbyContent.java,v20050623a,1.9
org.eclipse.platform\src-intro\org\eclipse\platform\internal\CheatSheetStandbyContent.java,v20050623,1.9
org.eclipse.platform\src-intro\org\eclipse\platform\internal\CheatSheetStandbyContent.java,v20050616-1045,1.9
org.eclipse.platform\src-intro\org\eclipse\platform\internal\CheatSheetStandbyContent.java,v20050614,1.9
org.eclipse.platform\src-intro\org\eclipse\platform\internal\CheatSheetStandbyContent.java,r3021_v20050613,1.7
org.eclipse.platform\src-intro\org\eclipse\platform\internal\CheatSheetStandbyContent.java,v20050610b,1.9
org.eclipse.platform\src-intro\org\eclipse\platform\internal\CheatSheetStandbyContent.java,v20050610-1200,1.9
org.eclipse.platform\src-intro\org\eclipse\platform\internal\CheatSheetStandbyContent.java,v20050609-1119,1.9
org.eclipse.platform\src-intro\org\eclipse\platform\internal\CheatSheetStandbyContent.java,v20050609,1.9
org.eclipse.platform\src-intro\org\eclipse\platform\internal\CheatSheetStandbyContent.java,v20050609-1010,1.9
org.eclipse.platform\src-intro\org\eclipse\platform\internal\CheatSheetStandbyContent.java,v20050526a,1.9
org.eclipse.platform\src-intro\org\eclipse\platform\internal\CheatSheetStandbyContent.java,v20050526,1.9
org.eclipse.platform\src-intro\org\eclipse\platform\internal\CheatSheetStandbyContent.java,v20050524-0600,1.9
org.eclipse.platform\src-intro\org\eclipse\platform\internal\CheatSheetStandbyContent.java,v20050512,1.9
org.eclipse.platform\src-intro\org\eclipse\platform\internal\CheatSheetStandbyContent.java,v20050511,1.9
org.eclipse.platform\src-intro\org\eclipse\platform\internal\CheatSheetStandbyContent.java,v20050509,1.9
org.eclipse.platform\src-intro\org\eclipse\platform\internal\CheatSheetStandbyContent.java,v20050506,1.9
org.eclipse.platform\src-intro\org\eclipse\platform\internal\CheatSheetStandbyContent.java,v20050425,1.8
org.eclipse.platform\src-intro\org\eclipse\platform\internal\CheatSheetStandbyContent.java,v20050422_ori,1.8
org.eclipse.platform\src-intro\org\eclipse\platform\internal\CheatSheetStandbyContent.java,v20050418,1.8
org.eclipse.platform\src-intro\org\eclipse\platform\internal\CheatSheetStandbyContent.java,v20050411,1.8
org.eclipse.platform\src-intro\org\eclipse\platform\internal\CheatSheetStandbyContent.java,v20050404,1.8
org.eclipse.platform\src-intro\org\eclipse\platform\internal\CheatSheetStandbyContent.java,v20050330a,1.8
org.eclipse.platform\src-intro\org\eclipse\platform\internal\CheatSheetStandbyContent.java,v20050330,1.8
org.eclipse.platform\src-intro\org\eclipse\platform\internal\CheatSheetStandbyContent.java,R3_0_2,1.7
org.eclipse.platform\src-intro\org\eclipse\platform\internal\CheatSheetStandbyContent.java,v20050324,1.8
org.eclipse.platform\src-intro\org\eclipse\platform\internal\CheatSheetStandbyContent.java,v20050302,1.8
org.eclipse.platform\src-intro\org\eclipse\platform\internal\CheatSheetStandbyContent.java,v20050301,1.8
org.eclipse.platform\src-intro\org\eclipse\platform\internal\CheatSheetStandbyContent.java,v20050226,1.8
org.eclipse.platform\src-intro\org\eclipse\platform\internal\CheatSheetStandbyContent.java,v20050214b,1.7
org.eclipse.platform\src-intro\org\eclipse\platform\internal\CheatSheetStandbyContent.java,v20050214,1.7
org.eclipse.platform\src-intro\org\eclipse\platform\internal\CheatSheetStandbyContent.java,v20050210,1.7
org.eclipse.platform\src-intro\org\eclipse\platform\internal\CheatSheetStandbyContent.java,v20050131,1.7
org.eclipse.platform\src-intro\org\eclipse\platform\internal\CheatSheetStandbyContent.java,r302_v20050127,1.7
org.eclipse.platform\src-intro\org\eclipse\platform\internal\CheatSheetStandbyContent.java,r302_v20050126,1.7
org.eclipse.platform\src-intro\org\eclipse\platform\internal\CheatSheetStandbyContent.java,v20050124,1.7
org.eclipse.platform\src-intro\org\eclipse\platform\internal\CheatSheetStandbyContent.java,r302_v20050110,1.7
org.eclipse.platform\src-intro\org\eclipse\platform\internal\CheatSheetStandbyContent.java,v20050107,1.7
org.eclipse.platform\src-intro\org\eclipse\platform\internal\CheatSheetStandbyContent.java,r302_v20041209,1.7
org.eclipse.platform\src-intro\org\eclipse\platform\internal\CheatSheetStandbyContent.java,v20041109,1.7
org.eclipse.platform\src-intro\org\eclipse\platform\internal\CheatSheetStandbyContent.java,r3011_v20040930a,1.7
org.eclipse.platform\src-intro\org\eclipse\platform\internal\CheatSheetStandbyContent.java,r3011_v20040930,1.7
org.eclipse.platform\src-intro\org\eclipse\platform\internal\CheatSheetStandbyContent.java,R3_0_1,1.7
org.eclipse.platform\src-intro\org\eclipse\platform\internal\CheatSheetStandbyContent.java,v20040914,1.7
org.eclipse.platform\src-intro\org\eclipse\platform\internal\CheatSheetStandbyContent.java,r301_v20040831,1.7
org.eclipse.platform\src-intro\org\eclipse\platform\internal\CheatSheetStandbyContent.java,r301_v20040830,1.7
org.eclipse.platform\src-intro\org\eclipse\platform\internal\CheatSheetStandbyContent.java,r301_v20040824,1.7
org.eclipse.platform\src-intro\org\eclipse\platform\internal\CheatSheetStandbyContent.java,r301_v20040810,1.7
org.eclipse.platform\src-intro\org\eclipse\platform\internal\CheatSheetStandbyContent.java,v20040728,1.7
org.eclipse.platform\src-intro\org\eclipse\platform\internal\CheatSheetStandbyContent.java,r301_v20040728,1.7
org.eclipse.platform\src-intro\org\eclipse\platform\internal\CheatSheetStandbyContent.java,v20040726,1.7
org.eclipse.platform\src-intro\org\eclipse\platform\internal\CheatSheetStandbyContent.java,v20040715,1.7
org.eclipse.platform\src-intro\org\eclipse\platform\internal\CheatSheetStandbyContent.java,r301_v20040715,1.7
org.eclipse.platform\src-intro\org\eclipse\platform\internal\CheatSheetStandbyContent.java,r301_v20040714,1.7
org.eclipse.platform\src-intro\org\eclipse\platform\internal\CheatSheetStandbyContent.java,R3_0_maintenance,1.7.0.2
org.eclipse.platform\src-intro\org\eclipse\platform\internal\CheatSheetStandbyContent.java,R3_0,1.7
org.eclipse.platform\src-intro\org\eclipse\platform\internal\CheatSheetStandbyContent.java,v20040624e,1.7
org.eclipse.platform\src-intro\org\eclipse\platform\internal\CheatSheetStandbyContent.java,v20040622,1.7
org.eclipse.platform\src-intro\org\eclipse\platform\internal\CheatSheetStandbyContent.java,v20040621,1.7
org.eclipse.platform\src-intro\org\eclipse\platform\internal\CheatSheetStandbyContent.java,v20040619,1.7
org.eclipse.platform\src-intro\org\eclipse\platform\internal\CheatSheetStandbyContent.java,v20040618,1.7
org.eclipse.platform\src-intro\org\eclipse\platform\internal\CheatSheetStandbyContent.java,v20040617,1.6
org.eclipse.platform\src-intro\org\eclipse\platform\internal\CheatSheetStandbyContent.java,v20040616a,1.6
org.eclipse.platform\src-intro\org\eclipse\platform\internal\CheatSheetStandbyContent.java,v20040616,1.6
org.eclipse.platform\src-intro\org\eclipse\platform\internal\CheatSheetStandbyContent.java,v20040611a,1.6
org.eclipse.platform\src-intro\org\eclipse\platform\internal\CheatSheetStandbyContent.java,v20040611,1.6
org.eclipse.platform\src-intro\org\eclipse\platform\internal\CheatSheetStandbyContent.java,v20040610,1.6
org.eclipse.platform\src-intro\org\eclipse\platform\internal\CheatSheetStandbyContent.java,v20040607,1.6
org.eclipse.platform\src-intro\org\eclipse\platform\internal\CheatSheetStandbyContent.java,v20040528,1.6
org.eclipse.platform\src-intro\org\eclipse\platform\internal\CheatSheetStandbyContent.java,v20040527,1.6
org.eclipse.platform\src-intro\org\eclipse\platform\internal\CheatSheetStandbyContent.java,v200405251600,1.6
org.eclipse.platform\src-intro\org\eclipse\platform\internal\CheatSheetStandbyContent.java,v20040520d,1.5
org.eclipse.platform\src-intro\org\eclipse\platform\internal\CheatSheetStandbyContent.java,v20040520c,1.5
org.eclipse.platform\src-intro\org\eclipse\platform\internal\CheatSheetStandbyContent.java,v20040520b,1.4
org.eclipse.platform\src-intro\org\eclipse\platform\internal\CheatSheetStandbyContent.java,v20040520a,1.4
org.eclipse.platform\src-intro\org\eclipse\platform\internal\CheatSheetStandbyContent.java,v20040520,1.3
org.eclipse.platform\src-intro\org\eclipse\platform\internal\CheatSheetStandbyContent.java,v20040518,1.3
org.eclipse.platform\src-intro\org\eclipse\platform\internal\CheatSheetStandbyContent.java,v20040514,1.2
org.eclipse.platform\src-intro\org\eclipse\platform\internal\CheatSheetStandbyContent.java,v20040510,1.2
org.eclipse.platform\src-intro\org\eclipse\platform\internal\CheatSheetStandbyContent.java,v20040504,1.2
org.eclipse.platform\src-intro\org\eclipse\platform\internal\CheatSheetStandbyContent.java,v20040427,1.2
org.eclipse.platform\src-intro\org\eclipse\platform\internal\CheatSheetStandbyContent.java,v20040420,1.1;
org.eclipse.platform\src-intro\org\eclipse\platform\internal\LaunchUpdateIntroAction.java,v20100521-1400,1.2
org.eclipse.platform\src-intro\org\eclipse\platform\internal\LaunchUpdateIntroAction.java,v20100520-1630,1.2
org.eclipse.platform\src-intro\org\eclipse\platform\internal\LaunchUpdateIntroAction.java,v20100520-1200,1.2
org.eclipse.platform\src-intro\org\eclipse\platform\internal\LaunchUpdateIntroAction.java,v20100517,1.2
org.eclipse.platform\src-intro\org\eclipse\platform\internal\LaunchUpdateIntroAction.java,v20100510-1130,1.2
org.eclipse.platform\src-intro\org\eclipse\platform\internal\LaunchUpdateIntroAction.java,v20100506-1500,1.2
org.eclipse.platform\src-intro\org\eclipse\platform\internal\LaunchUpdateIntroAction.java,v20100504-1500,1.2
org.eclipse.platform\src-intro\org\eclipse\platform\internal\LaunchUpdateIntroAction.java,v20100503-1900,1.2
org.eclipse.platform\src-intro\org\eclipse\platform\internal\LaunchUpdateIntroAction.java,v20100421-2230,1.2
org.eclipse.platform\src-intro\org\eclipse\platform\internal\LaunchUpdateIntroAction.java,v20100417-2200,1.2
org.eclipse.platform\src-intro\org\eclipse\platform\internal\LaunchUpdateIntroAction.java,v20100416-1111,1.2
org.eclipse.platform\src-intro\org\eclipse\platform\internal\LaunchUpdateIntroAction.java,R1_0M5,1.2
org.eclipse.platform\src-intro\org\eclipse\platform\internal\LaunchUpdateIntroAction.java,v20100411-1600,1.2
org.eclipse.platform\src-intro\org\eclipse\platform\internal\LaunchUpdateIntroAction.java,v20100409-1554,1.2
org.eclipse.platform\src-intro\org\eclipse\platform\internal\LaunchUpdateIntroAction.java,v20100408-2247,1.2
org.eclipse.platform\src-intro\org\eclipse\platform\internal\LaunchUpdateIntroAction.java,v20100408-0500,1.2
org.eclipse.platform\src-intro\org\eclipse\platform\internal\LaunchUpdateIntroAction.java,v20100407,1.2
org.eclipse.platform\src-intro\org\eclipse\platform\internal\LaunchUpdateIntroAction.java,v20100406-1735,1.2
org.eclipse.platform\src-intro\org\eclipse\platform\internal\LaunchUpdateIntroAction.java,R4_HEAD,1.2.0.6
org.eclipse.platform\src-intro\org\eclipse\platform\internal\LaunchUpdateIntroAction.java,Root_R4_HEAD,1.2
org.eclipse.platform\src-intro\org\eclipse\platform\internal\LaunchUpdateIntroAction.java,v20100216,1.2
org.eclipse.platform\src-intro\org\eclipse\platform\internal\LaunchUpdateIntroAction.java,v20100203,1.2
org.eclipse.platform\src-intro\org\eclipse\platform\internal\LaunchUpdateIntroAction.java,v20100202,1.2
org.eclipse.platform\src-intro\org\eclipse\platform\internal\LaunchUpdateIntroAction.java,v20100201,1.2
org.eclipse.platform\src-intro\org\eclipse\platform\internal\LaunchUpdateIntroAction.java,R35x_v20100121,1.2
org.eclipse.platform\src-intro\org\eclipse\platform\internal\LaunchUpdateIntroAction.java,R35x_v20100112,1.2
org.eclipse.platform\src-intro\org\eclipse\platform\internal\LaunchUpdateIntroAction.java,Root_R3_5_maintenance,1.2
org.eclipse.platform\src-intro\org\eclipse\platform\internal\LaunchUpdateIntroAction.java,R35x_v20100108,1.2
org.eclipse.platform\src-intro\org\eclipse\platform\internal\LaunchUpdateIntroAction.java,v20091214,1.2
org.eclipse.platform\src-intro\org\eclipse\platform\internal\LaunchUpdateIntroAction.java,v20091130,1.2
org.eclipse.platform\src-intro\org\eclipse\platform\internal\LaunchUpdateIntroAction.java,v20091117,1.2
org.eclipse.platform\src-intro\org\eclipse\platform\internal\LaunchUpdateIntroAction.java,v20091116,1.2
org.eclipse.platform\src-intro\org\eclipse\platform\internal\LaunchUpdateIntroAction.java,v20091106,1.2
org.eclipse.platform\src-intro\org\eclipse\platform\internal\LaunchUpdateIntroAction.java,v200910260800,1.2
org.eclipse.platform\src-intro\org\eclipse\platform\internal\LaunchUpdateIntroAction.java,R3_5_1,1.2
org.eclipse.platform\src-intro\org\eclipse\platform\internal\LaunchUpdateIntroAction.java,v20090921-1800,1.2
org.eclipse.platform\src-intro\org\eclipse\platform\internal\LaunchUpdateIntroAction.java,v20090918,1.2
org.eclipse.platform\src-intro\org\eclipse\platform\internal\LaunchUpdateIntroAction.java,R35x_v20090813,1.2
org.eclipse.platform\src-intro\org\eclipse\platform\internal\LaunchUpdateIntroAction.java,R3_5_maintenance,1.2.0.4
org.eclipse.platform\src-intro\org\eclipse\platform\internal\LaunchUpdateIntroAction.java,R3_5,1.2
org.eclipse.platform\src-intro\org\eclipse\platform\internal\LaunchUpdateIntroAction.java,v20090519,1.2
org.eclipse.platform\src-intro\org\eclipse\platform\internal\LaunchUpdateIntroAction.java,v20090330,1.2
org.eclipse.platform\src-intro\org\eclipse\platform\internal\LaunchUpdateIntroAction.java,v20090309,1.2
org.eclipse.platform\src-intro\org\eclipse\platform\internal\LaunchUpdateIntroAction.java,v20090305,1.2
org.eclipse.platform\src-intro\org\eclipse\platform\internal\LaunchUpdateIntroAction.java,R3_4_2,1.2
org.eclipse.platform\src-intro\org\eclipse\platform\internal\LaunchUpdateIntroAction.java,v200901301500,1.2
org.eclipse.platform\src-intro\org\eclipse\platform\internal\LaunchUpdateIntroAction.java,v200901301200,1.2
org.eclipse.platform\src-intro\org\eclipse\platform\internal\LaunchUpdateIntroAction.java,R342_v20090126,1.2
org.eclipse.platform\src-intro\org\eclipse\platform\internal\LaunchUpdateIntroAction.java,v20090123,1.2
org.eclipse.platform\src-intro\org\eclipse\platform\internal\LaunchUpdateIntroAction.java,R342_v20090122,1.2
org.eclipse.platform\src-intro\org\eclipse\platform\internal\LaunchUpdateIntroAction.java,v20081211,1.2
org.eclipse.platform\src-intro\org\eclipse\platform\internal\LaunchUpdateIntroAction.java,v20081209,1.2
org.eclipse.platform\src-intro\org\eclipse\platform\internal\LaunchUpdateIntroAction.java,v20081208,1.2
org.eclipse.platform\src-intro\org\eclipse\platform\internal\LaunchUpdateIntroAction.java,r20081205,1.2
org.eclipse.platform\src-intro\org\eclipse\platform\internal\LaunchUpdateIntroAction.java,v20081121,1.2
org.eclipse.platform\src-intro\org\eclipse\platform\internal\LaunchUpdateIntroAction.java,v20081107,1.2
org.eclipse.platform\src-intro\org\eclipse\platform\internal\LaunchUpdateIntroAction.java,R3_4_1,1.2
org.eclipse.platform\src-intro\org\eclipse\platform\internal\LaunchUpdateIntroAction.java,R34x_v20080818,1.2
org.eclipse.platform\src-intro\org\eclipse\platform\internal\LaunchUpdateIntroAction.java,r341_v20080731,1.2
org.eclipse.platform\src-intro\org\eclipse\platform\internal\LaunchUpdateIntroAction.java,r341_v20080703,1.2
org.eclipse.platform\src-intro\org\eclipse\platform\internal\LaunchUpdateIntroAction.java,R3_4_maintenance,1.2.0.2
org.eclipse.platform\src-intro\org\eclipse\platform\internal\LaunchUpdateIntroAction.java,r20080703,1.2
org.eclipse.platform\src-intro\org\eclipse\platform\internal\LaunchUpdateIntroAction.java,R3_4,1.2
org.eclipse.platform\src-intro\org\eclipse\platform\internal\LaunchUpdateIntroAction.java,v20080606,1.2
org.eclipse.platform\src-intro\org\eclipse\platform\internal\LaunchUpdateIntroAction.java,R3_3_2,1.1
org.eclipse.platform\src-intro\org\eclipse\platform\internal\LaunchUpdateIntroAction.java,v20080403,1.2
org.eclipse.platform\src-intro\org\eclipse\platform\internal\LaunchUpdateIntroAction.java,I20080320,1.2
org.eclipse.platform\src-intro\org\eclipse\platform\internal\LaunchUpdateIntroAction.java,I20080318,1.2
org.eclipse.platform\src-intro\org\eclipse\platform\internal\LaunchUpdateIntroAction.java,I20080204-0800,1.1
org.eclipse.platform\src-intro\org\eclipse\platform\internal\LaunchUpdateIntroAction.java,r33x_r20080129,1.1
org.eclipse.platform\src-intro\org\eclipse\platform\internal\LaunchUpdateIntroAction.java,R33x_v20080130,1.1
org.eclipse.platform\src-intro\org\eclipse\platform\internal\LaunchUpdateIntroAction.java,I20080205-0800,1.1
org.eclipse.platform\src-intro\org\eclipse\platform\internal\LaunchUpdateIntroAction.java,v20080107,1.1
org.eclipse.platform\src-intro\org\eclipse\platform\internal\LaunchUpdateIntroAction.java,R33x_v20071217,1.1
org.eclipse.platform\src-intro\org\eclipse\platform\internal\LaunchUpdateIntroAction.java,R33x_v20071117,1.1
org.eclipse.platform\src-intro\org\eclipse\platform\internal\LaunchUpdateIntroAction.java,r323_v20071108,1.1
org.eclipse.platform\src-intro\org\eclipse\platform\internal\LaunchUpdateIntroAction.java,I20071113,1.1
org.eclipse.platform\src-intro\org\eclipse\platform\internal\LaunchUpdateIntroAction.java,R3_3_1_1,1.1
org.eclipse.platform\src-intro\org\eclipse\platform\internal\LaunchUpdateIntroAction.java,R33x_v20071022,1.1
org.eclipse.platform\src-intro\org\eclipse\platform\internal\LaunchUpdateIntroAction.java,R3_3_1_maintenance,1.1.0.8
org.eclipse.platform\src-intro\org\eclipse\platform\internal\LaunchUpdateIntroAction.java,R33x_v20071010,1.1
org.eclipse.platform\src-intro\org\eclipse\platform\internal\LaunchUpdateIntroAction.java,R3_3_1,1.1
org.eclipse.platform\src-intro\org\eclipse\platform\internal\LaunchUpdateIntroAction.java,v20070807,1.1
org.eclipse.platform\src-intro\org\eclipse\platform\internal\LaunchUpdateIntroAction.java,M20070725,1.1
org.eclipse.platform\src-intro\org\eclipse\platform\internal\LaunchUpdateIntroAction.java,M20070718,1.1
org.eclipse.platform\src-intro\org\eclipse\platform\internal\LaunchUpdateIntroAction.java,I20070717-0800,1.1
org.eclipse.platform\src-intro\org\eclipse\platform\internal\LaunchUpdateIntroAction.java,R3_3_maintenance,1.1.0.6
org.eclipse.platform\src-intro\org\eclipse\platform\internal\LaunchUpdateIntroAction.java,R3_3,1.1
org.eclipse.platform\src-intro\org\eclipse\platform\internal\LaunchUpdateIntroAction.java,pre_R3_3,1.1
org.eclipse.platform\src-intro\org\eclipse\platform\internal\LaunchUpdateIntroAction.java,v20070613,1.1
org.eclipse.platform\src-intro\org\eclipse\platform\internal\LaunchUpdateIntroAction.java,v20070607,1.1
org.eclipse.platform\src-intro\org\eclipse\platform\internal\LaunchUpdateIntroAction.java,v20070605,1.1
org.eclipse.platform\src-intro\org\eclipse\platform\internal\LaunchUpdateIntroAction.java,v20070601,1.1
org.eclipse.platform\src-intro\org\eclipse\platform\internal\LaunchUpdateIntroAction.java,I20070531-1800,1.1
org.eclipse.platform\src-intro\org\eclipse\platform\internal\LaunchUpdateIntroAction.java,v20070531,1.1
org.eclipse.platform\src-intro\org\eclipse\platform\internal\LaunchUpdateIntroAction.java,v20070419,1.1
org.eclipse.platform\src-intro\org\eclipse\platform\internal\LaunchUpdateIntroAction.java,I20070410-0800,1.1
org.eclipse.platform\src-intro\org\eclipse\platform\internal\LaunchUpdateIntroAction.java,v20070316,1.1
org.eclipse.platform\src-intro\org\eclipse\platform\internal\LaunchUpdateIntroAction.java,v20070228-0800,1.1
org.eclipse.platform\src-intro\org\eclipse\platform\internal\LaunchUpdateIntroAction.java,R3_2_2,1.1
org.eclipse.platform\src-intro\org\eclipse\platform\internal\LaunchUpdateIntroAction.java,v20070205,1.1
org.eclipse.platform\src-intro\org\eclipse\platform\internal\LaunchUpdateIntroAction.java,v20070126,1.1
org.eclipse.platform\src-intro\org\eclipse\platform\internal\LaunchUpdateIntroAction.java,v20070124,1.1
org.eclipse.platform\src-intro\org\eclipse\platform\internal\LaunchUpdateIntroAction.java,v20070123,1.1
org.eclipse.platform\src-intro\org\eclipse\platform\internal\LaunchUpdateIntroAction.java,v20070119,1.1
org.eclipse.platform\src-intro\org\eclipse\platform\internal\LaunchUpdateIntroAction.java,r322_v20070117b,1.1
org.eclipse.platform\src-intro\org\eclipse\platform\internal\LaunchUpdateIntroAction.java,r322_v20070117,1.1
org.eclipse.platform\src-intro\org\eclipse\platform\internal\LaunchUpdateIntroAction.java,v20070117,1.1
org.eclipse.platform\src-intro\org\eclipse\platform\internal\LaunchUpdateIntroAction.java,v20070116,1.1
org.eclipse.platform\src-intro\org\eclipse\platform\internal\LaunchUpdateIntroAction.java,r322_v20070115,1.1
org.eclipse.platform\src-intro\org\eclipse\platform\internal\LaunchUpdateIntroAction.java,v20070111,1.1
org.eclipse.platform\src-intro\org\eclipse\platform\internal\LaunchUpdateIntroAction.java,v20070108,1.1
org.eclipse.platform\src-intro\org\eclipse\platform\internal\LaunchUpdateIntroAction.java,v20061215,1.1
org.eclipse.platform\src-intro\org\eclipse\platform\internal\LaunchUpdateIntroAction.java,v20061214,1.1
org.eclipse.platform\src-intro\org\eclipse\platform\internal\LaunchUpdateIntroAction.java,v20061211,1.1
org.eclipse.platform\src-intro\org\eclipse\platform\internal\LaunchUpdateIntroAction.java,v20061206,1.1
org.eclipse.platform\src-intro\org\eclipse\platform\internal\LaunchUpdateIntroAction.java,v20061130,1.1
org.eclipse.platform\src-intro\org\eclipse\platform\internal\LaunchUpdateIntroAction.java,v20061030,1.1
org.eclipse.platform\src-intro\org\eclipse\platform\internal\LaunchUpdateIntroAction.java,R3_2_1,1.1
org.eclipse.platform\src-intro\org\eclipse\platform\internal\LaunchUpdateIntroAction.java,v20060829,1.1
org.eclipse.platform\src-intro\org\eclipse\platform\internal\LaunchUpdateIntroAction.java,R3_2,1.1
org.eclipse.platform\src-intro\org\eclipse\platform\internal\LaunchUpdateIntroAction.java,R3_2_maintenance,1.1.0.4
org.eclipse.platform\src-intro\org\eclipse\platform\internal\LaunchUpdateIntroAction.java,I20060605-1430,1.1
org.eclipse.platform\src-intro\org\eclipse\platform\internal\LaunchUpdateIntroAction.java,v20060601,1.1
org.eclipse.platform\src-intro\org\eclipse\platform\internal\LaunchUpdateIntroAction.java,v20060530,1.1
org.eclipse.platform\src-intro\org\eclipse\platform\internal\LaunchUpdateIntroAction.java,v20060529,1.1
org.eclipse.platform\src-intro\org\eclipse\platform\internal\LaunchUpdateIntroAction.java,v20060526,1.1
org.eclipse.platform\src-intro\org\eclipse\platform\internal\LaunchUpdateIntroAction.java,v20060525,1.1
org.eclipse.platform\src-intro\org\eclipse\platform\internal\LaunchUpdateIntroAction.java,v20060519a,1.1
org.eclipse.platform\src-intro\org\eclipse\platform\internal\LaunchUpdateIntroAction.java,v20060509,1.1
org.eclipse.platform\src-intro\org\eclipse\platform\internal\LaunchUpdateIntroAction.java,v20060508,1.1
org.eclipse.platform\src-intro\org\eclipse\platform\internal\LaunchUpdateIntroAction.java,v20060505,1.1
org.eclipse.platform\src-intro\org\eclipse\platform\internal\LaunchUpdateIntroAction.java,v20060504a,1.1
org.eclipse.platform\src-intro\org\eclipse\platform\internal\LaunchUpdateIntroAction.java,v20060503,1.1
org.eclipse.platform\src-intro\org\eclipse\platform\internal\LaunchUpdateIntroAction.java,v20060427-2000,1.1
org.eclipse.platform\src-intro\org\eclipse\platform\internal\LaunchUpdateIntroAction.java,v20060426,1.1
org.eclipse.platform\src-intro\org\eclipse\platform\internal\LaunchUpdateIntroAction.java,v20060413-1200,1.1
org.eclipse.platform\src-intro\org\eclipse\platform\internal\LaunchUpdateIntroAction.java,v20060412b,1.1
org.eclipse.platform\src-intro\org\eclipse\platform\internal\LaunchUpdateIntroAction.java,v20060404,1.1
org.eclipse.platform\src-intro\org\eclipse\platform\internal\LaunchUpdateIntroAction.java,v20060329,1.1
org.eclipse.platform\src-intro\org\eclipse\platform\internal\LaunchUpdateIntroAction.java,v20060327,1.1
org.eclipse.platform\src-intro\org\eclipse\platform\internal\LaunchUpdateIntroAction.java,v20060326,1.1
org.eclipse.platform\src-intro\org\eclipse\platform\internal\LaunchUpdateIntroAction.java,v20060322,1.1
org.eclipse.platform\src-intro\org\eclipse\platform\internal\LaunchUpdateIntroAction.java,v20060320a,1.1
org.eclipse.platform\src-intro\org\eclipse\platform\internal\LaunchUpdateIntroAction.java,v20060320,1.1
org.eclipse.platform\src-intro\org\eclipse\platform\internal\LaunchUpdateIntroAction.java,v20060317,1.1
org.eclipse.platform\src-intro\org\eclipse\platform\internal\LaunchUpdateIntroAction.java,v20060227,1.1
org.eclipse.platform\src-intro\org\eclipse\platform\internal\LaunchUpdateIntroAction.java,v20060214-1600,1.1
org.eclipse.platform\src-intro\org\eclipse\platform\internal\LaunchUpdateIntroAction.java,R3_1_2,1.1
org.eclipse.platform\src-intro\org\eclipse\platform\internal\LaunchUpdateIntroAction.java,v20060131,1.1
org.eclipse.platform\src-intro\org\eclipse\platform\internal\LaunchUpdateIntroAction.java,v20051213,1.1
org.eclipse.platform\src-intro\org\eclipse\platform\internal\LaunchUpdateIntroAction.java,v20051212,1.1
org.eclipse.platform\src-intro\org\eclipse\platform\internal\LaunchUpdateIntroAction.java,v20051201,1.1
org.eclipse.platform\src-intro\org\eclipse\platform\internal\LaunchUpdateIntroAction.java,r312_v20051116,1.1
org.eclipse.platform\src-intro\org\eclipse\platform\internal\LaunchUpdateIntroAction.java,v20051031,1.1
org.eclipse.platform\src-intro\org\eclipse\platform\internal\LaunchUpdateIntroAction.java,R3_1_1,1.1
org.eclipse.platform\src-intro\org\eclipse\platform\internal\LaunchUpdateIntroAction.java,v20050819,1.1
org.eclipse.platform\src-intro\org\eclipse\platform\internal\LaunchUpdateIntroAction.java,v20050810,1.1
org.eclipse.platform\src-intro\org\eclipse\platform\internal\LaunchUpdateIntroAction.java,v20050804,1.1
org.eclipse.platform\src-intro\org\eclipse\platform\internal\LaunchUpdateIntroAction.java,r311_v20050719,1.1
org.eclipse.platform\src-intro\org\eclipse\platform\internal\LaunchUpdateIntroAction.java,R3_1_maintenance,1.1.0.2
org.eclipse.platform\src-intro\org\eclipse\platform\internal\LaunchUpdateIntroAction.java,R3_1,1.1
org.eclipse.platform\src-intro\org\eclipse\platform\internal\LaunchUpdateIntroAction.java,v20050623a,1.1
org.eclipse.platform\src-intro\org\eclipse\platform\internal\LaunchUpdateIntroAction.java,v20050623,1.1;
org.eclipse.platform\src-intro\org\eclipse\platform\internal\Attic\EclipseRSSViewer.java,R35x_v20100121,1.4
org.eclipse.platform\src-intro\org\eclipse\platform\internal\Attic\EclipseRSSViewer.java,R35x_v20100112,1.4
org.eclipse.platform\src-intro\org\eclipse\platform\internal\Attic\EclipseRSSViewer.java,R35x_v20100108,1.4
org.eclipse.platform\src-intro\org\eclipse\platform\internal\Attic\EclipseRSSViewer.java,v20091106,1.4
org.eclipse.platform\src-intro\org\eclipse\platform\internal\Attic\EclipseRSSViewer.java,R3_5_1,1.4
org.eclipse.platform\src-intro\org\eclipse\platform\internal\Attic\EclipseRSSViewer.java,v20090921-1800,1.4
org.eclipse.platform\src-intro\org\eclipse\platform\internal\Attic\EclipseRSSViewer.java,v20090918,1.4
org.eclipse.platform\src-intro\org\eclipse\platform\internal\Attic\EclipseRSSViewer.java,R35x_v20090813,1.4
org.eclipse.platform\src-intro\org\eclipse\platform\internal\Attic\EclipseRSSViewer.java,R3_5_maintenance,1.4.0.4
org.eclipse.platform\src-intro\org\eclipse\platform\internal\Attic\EclipseRSSViewer.java,R3_5,1.4
org.eclipse.platform\src-intro\org\eclipse\platform\internal\Attic\EclipseRSSViewer.java,v20090519,1.4
org.eclipse.platform\src-intro\org\eclipse\platform\internal\Attic\EclipseRSSViewer.java,v20090330,1.4
org.eclipse.platform\src-intro\org\eclipse\platform\internal\Attic\EclipseRSSViewer.java,v20090309,1.4
org.eclipse.platform\src-intro\org\eclipse\platform\internal\Attic\EclipseRSSViewer.java,v20090305,1.4
org.eclipse.platform\src-intro\org\eclipse\platform\internal\Attic\EclipseRSSViewer.java,R3_4_2,1.4
org.eclipse.platform\src-intro\org\eclipse\platform\internal\Attic\EclipseRSSViewer.java,v200901301500,1.4
org.eclipse.platform\src-intro\org\eclipse\platform\internal\Attic\EclipseRSSViewer.java,v200901301200,1.4
org.eclipse.platform\src-intro\org\eclipse\platform\internal\Attic\EclipseRSSViewer.java,R342_v20090126,1.4
org.eclipse.platform\src-intro\org\eclipse\platform\internal\Attic\EclipseRSSViewer.java,v20090123,1.4
org.eclipse.platform\src-intro\org\eclipse\platform\internal\Attic\EclipseRSSViewer.java,R342_v20090122,1.4
org.eclipse.platform\src-intro\org\eclipse\platform\internal\Attic\EclipseRSSViewer.java,v20081211,1.4
org.eclipse.platform\src-intro\org\eclipse\platform\internal\Attic\EclipseRSSViewer.java,v20081209,1.4
org.eclipse.platform\src-intro\org\eclipse\platform\internal\Attic\EclipseRSSViewer.java,v20081208,1.4
org.eclipse.platform\src-intro\org\eclipse\platform\internal\Attic\EclipseRSSViewer.java,r20081205,1.4
org.eclipse.platform\src-intro\org\eclipse\platform\internal\Attic\EclipseRSSViewer.java,v20081121,1.4
org.eclipse.platform\src-intro\org\eclipse\platform\internal\Attic\EclipseRSSViewer.java,v20081107,1.4
org.eclipse.platform\src-intro\org\eclipse\platform\internal\Attic\EclipseRSSViewer.java,R3_4_1,1.4
org.eclipse.platform\src-intro\org\eclipse\platform\internal\Attic\EclipseRSSViewer.java,R34x_v20080818,1.4
org.eclipse.platform\src-intro\org\eclipse\platform\internal\Attic\EclipseRSSViewer.java,r341_v20080731,1.4
org.eclipse.platform\src-intro\org\eclipse\platform\internal\Attic\EclipseRSSViewer.java,r341_v20080703,1.4
org.eclipse.platform\src-intro\org\eclipse\platform\internal\Attic\EclipseRSSViewer.java,R3_4_maintenance,1.4.0.2
org.eclipse.platform\src-intro\org\eclipse\platform\internal\Attic\EclipseRSSViewer.java,r20080703,1.4
org.eclipse.platform\src-intro\org\eclipse\platform\internal\Attic\EclipseRSSViewer.java,R3_4,1.4
org.eclipse.platform\src-intro\org\eclipse\platform\internal\Attic\EclipseRSSViewer.java,v20080606,1.4
org.eclipse.platform\src-intro\org\eclipse\platform\internal\Attic\EclipseRSSViewer.java,R3_3_2,1.3.4.1
org.eclipse.platform\src-intro\org\eclipse\platform\internal\Attic\EclipseRSSViewer.java,v20080403,1.4
org.eclipse.platform\src-intro\org\eclipse\platform\internal\Attic\EclipseRSSViewer.java,I20080320,1.4
org.eclipse.platform\src-intro\org\eclipse\platform\internal\Attic\EclipseRSSViewer.java,I20080318,1.4
org.eclipse.platform\src-intro\org\eclipse\platform\internal\Attic\EclipseRSSViewer.java,I20080204-0800,1.4
org.eclipse.platform\src-intro\org\eclipse\platform\internal\Attic\EclipseRSSViewer.java,r33x_r20080129,1.3.4.1
org.eclipse.platform\src-intro\org\eclipse\platform\internal\Attic\EclipseRSSViewer.java,R33x_v20080130,1.3.4.1
org.eclipse.platform\src-intro\org\eclipse\platform\internal\Attic\EclipseRSSViewer.java,I20080205-0800,1.4
org.eclipse.platform\src-intro\org\eclipse\platform\internal\Attic\EclipseRSSViewer.java,v20080107,1.4
org.eclipse.platform\src-intro\org\eclipse\platform\internal\Attic\EclipseRSSViewer.java,R33x_v20071217,1.3.4.1
org.eclipse.platform\src-intro\org\eclipse\platform\internal\Attic\EclipseRSSViewer.java,R33x_v20071117,1.3.4.1
org.eclipse.platform\src-intro\org\eclipse\platform\internal\Attic\EclipseRSSViewer.java,r323_v20071108,1.3
org.eclipse.platform\src-intro\org\eclipse\platform\internal\Attic\EclipseRSSViewer.java,I20071113,1.4
org.eclipse.platform\src-intro\org\eclipse\platform\internal\Attic\EclipseRSSViewer.java,R3_3_1_1,1.3.4.1
org.eclipse.platform\src-intro\org\eclipse\platform\internal\Attic\EclipseRSSViewer.java,R33x_v20071022,1.3.4.1
org.eclipse.platform\src-intro\org\eclipse\platform\internal\Attic\EclipseRSSViewer.java,R3_3_1_maintenance,1.3.4.1.0.2
org.eclipse.platform\src-intro\org\eclipse\platform\internal\Attic\EclipseRSSViewer.java,R33x_v20071010,1.3.4.1
org.eclipse.platform\src-intro\org\eclipse\platform\internal\Attic\EclipseRSSViewer.java,R3_3_1,1.3.4.1
org.eclipse.platform\src-intro\org\eclipse\platform\internal\Attic\EclipseRSSViewer.java,v20070807,1.4
org.eclipse.platform\src-intro\org\eclipse\platform\internal\Attic\EclipseRSSViewer.java,M20070725,1.3.4.1
org.eclipse.platform\src-intro\org\eclipse\platform\internal\Attic\EclipseRSSViewer.java,M20070718,1.3.4.1
org.eclipse.platform\src-intro\org\eclipse\platform\internal\Attic\EclipseRSSViewer.java,I20070717-0800,1.4
org.eclipse.platform\src-intro\org\eclipse\platform\internal\Attic\EclipseRSSViewer.java,R3_3_maintenance,1.3.0.4
org.eclipse.platform\src-intro\org\eclipse\platform\internal\Attic\EclipseRSSViewer.java,R3_3,1.3
org.eclipse.platform\src-intro\org\eclipse\platform\internal\Attic\EclipseRSSViewer.java,pre_R3_3,1.3
org.eclipse.platform\src-intro\org\eclipse\platform\internal\Attic\EclipseRSSViewer.java,v20070613,1.3
org.eclipse.platform\src-intro\org\eclipse\platform\internal\Attic\EclipseRSSViewer.java,v20070607,1.3
org.eclipse.platform\src-intro\org\eclipse\platform\internal\Attic\EclipseRSSViewer.java,v20070605,1.3
org.eclipse.platform\src-intro\org\eclipse\platform\internal\Attic\EclipseRSSViewer.java,v20070601,1.3
org.eclipse.platform\src-intro\org\eclipse\platform\internal\Attic\EclipseRSSViewer.java,I20070531-1800,1.3
org.eclipse.platform\src-intro\org\eclipse\platform\internal\Attic\EclipseRSSViewer.java,v20070531,1.3
org.eclipse.platform\src-intro\org\eclipse\platform\internal\Attic\EclipseRSSViewer.java,v20070419,1.3
org.eclipse.platform\src-intro\org\eclipse\platform\internal\Attic\EclipseRSSViewer.java,I20070410-0800,1.3
org.eclipse.platform\src-intro\org\eclipse\platform\internal\Attic\EclipseRSSViewer.java,v20070316,1.3
org.eclipse.platform\src-intro\org\eclipse\platform\internal\Attic\EclipseRSSViewer.java,v20070228-0800,1.3
org.eclipse.platform\src-intro\org\eclipse\platform\internal\Attic\EclipseRSSViewer.java,R3_2_2,1.3
org.eclipse.platform\src-intro\org\eclipse\platform\internal\Attic\EclipseRSSViewer.java,v20070205,1.3
org.eclipse.platform\src-intro\org\eclipse\platform\internal\Attic\EclipseRSSViewer.java,v20070126,1.3
org.eclipse.platform\src-intro\org\eclipse\platform\internal\Attic\EclipseRSSViewer.java,v20070124,1.3
org.eclipse.platform\src-intro\org\eclipse\platform\internal\Attic\EclipseRSSViewer.java,v20070123,1.3
org.eclipse.platform\src-intro\org\eclipse\platform\internal\Attic\EclipseRSSViewer.java,v20070119,1.3
org.eclipse.platform\src-intro\org\eclipse\platform\internal\Attic\EclipseRSSViewer.java,r322_v20070117b,1.3
org.eclipse.platform\src-intro\org\eclipse\platform\internal\Attic\EclipseRSSViewer.java,r322_v20070117,1.3
org.eclipse.platform\src-intro\org\eclipse\platform\internal\Attic\EclipseRSSViewer.java,v20070117,1.3
org.eclipse.platform\src-intro\org\eclipse\platform\internal\Attic\EclipseRSSViewer.java,v20070116,1.3
org.eclipse.platform\src-intro\org\eclipse\platform\internal\Attic\EclipseRSSViewer.java,r322_v20070115,1.3
org.eclipse.platform\src-intro\org\eclipse\platform\internal\Attic\EclipseRSSViewer.java,v20070111,1.3
org.eclipse.platform\src-intro\org\eclipse\platform\internal\Attic\EclipseRSSViewer.java,v20070108,1.3
org.eclipse.platform\src-intro\org\eclipse\platform\internal\Attic\EclipseRSSViewer.java,v20061215,1.3
org.eclipse.platform\src-intro\org\eclipse\platform\internal\Attic\EclipseRSSViewer.java,v20061214,1.3
org.eclipse.platform\src-intro\org\eclipse\platform\internal\Attic\EclipseRSSViewer.java,v20061211,1.3
org.eclipse.platform\src-intro\org\eclipse\platform\internal\Attic\EclipseRSSViewer.java,v20061206,1.3
org.eclipse.platform\src-intro\org\eclipse\platform\internal\Attic\EclipseRSSViewer.java,v20061130,1.3
org.eclipse.platform\src-intro\org\eclipse\platform\internal\Attic\EclipseRSSViewer.java,v20061030,1.3
org.eclipse.platform\src-intro\org\eclipse\platform\internal\Attic\EclipseRSSViewer.java,R3_2_1,1.3
org.eclipse.platform\src-intro\org\eclipse\platform\internal\Attic\EclipseRSSViewer.java,v20060829,1.3
org.eclipse.platform\src-intro\org\eclipse\platform\internal\Attic\EclipseRSSViewer.java,R3_2,1.3
org.eclipse.platform\src-intro\org\eclipse\platform\internal\Attic\EclipseRSSViewer.java,R3_2_maintenance,1.3.0.2
org.eclipse.platform\src-intro\org\eclipse\platform\internal\Attic\EclipseRSSViewer.java,I20060605-1430,1.3
org.eclipse.platform\src-intro\org\eclipse\platform\internal\Attic\EclipseRSSViewer.java,v20060601,1.3
org.eclipse.platform\src-intro\org\eclipse\platform\internal\Attic\EclipseRSSViewer.java,v20060530,1.3
org.eclipse.platform\src-intro\org\eclipse\platform\internal\Attic\EclipseRSSViewer.java,v20060529,1.3
org.eclipse.platform\src-intro\org\eclipse\platform\internal\Attic\EclipseRSSViewer.java,v20060526,1.3
org.eclipse.platform\src-intro\org\eclipse\platform\internal\Attic\EclipseRSSViewer.java,v20060525,1.3
org.eclipse.platform\src-intro\org\eclipse\platform\internal\Attic\EclipseRSSViewer.java,v20060519a,1.3
org.eclipse.platform\src-intro\org\eclipse\platform\internal\Attic\EclipseRSSViewer.java,v20060509,1.3
org.eclipse.platform\src-intro\org\eclipse\platform\internal\Attic\EclipseRSSViewer.java,v20060508,1.3
org.eclipse.platform\src-intro\org\eclipse\platform\internal\Attic\EclipseRSSViewer.java,v20060505,1.3
org.eclipse.platform\src-intro\org\eclipse\platform\internal\Attic\EclipseRSSViewer.java,v20060504a,1.3
org.eclipse.platform\src-intro\org\eclipse\platform\internal\Attic\EclipseRSSViewer.java,v20060503,1.3
org.eclipse.platform\src-intro\org\eclipse\platform\internal\Attic\EclipseRSSViewer.java,v20060427-2000,1.3
org.eclipse.platform\src-intro\org\eclipse\platform\internal\Attic\EclipseRSSViewer.java,v20060426,1.3
org.eclipse.platform\src-intro\org\eclipse\platform\internal\Attic\EclipseRSSViewer.java,v20060413-1200,1.2
org.eclipse.platform\src-intro\org\eclipse\platform\internal\Attic\EclipseRSSViewer.java,v20060412b,1.2
org.eclipse.platform\src-intro\org\eclipse\platform\internal\Attic\EclipseRSSViewer.java,v20060404,1.2
org.eclipse.platform\src-intro\org\eclipse\platform\internal\Attic\EclipseRSSViewer.java,v20060329,1.2
org.eclipse.platform\src-intro\org\eclipse\platform\internal\Attic\EclipseRSSViewer.java,v20060327,1.2
org.eclipse.platform\src-intro\org\eclipse\platform\internal\Attic\EclipseRSSViewer.java,v20060326,1.2
org.eclipse.platform\src-intro\org\eclipse\platform\internal\Attic\EclipseRSSViewer.java,v20060322,1.2
org.eclipse.platform\src-intro\org\eclipse\platform\internal\Attic\EclipseRSSViewer.java,v20060320a,1.2
org.eclipse.platform\src-intro\org\eclipse\platform\internal\Attic\EclipseRSSViewer.java,v20060320,1.2
org.eclipse.platform\src-intro\org\eclipse\platform\internal\Attic\EclipseRSSViewer.java,v20060317,1.2;
org.eclipse.platform\src-intro\org\eclipse\platform\internal\Attic\Messages.java,R35x_v20100121,1.2
org.eclipse.platform\src-intro\org\eclipse\platform\internal\Attic\Messages.java,R35x_v20100112,1.2
org.eclipse.platform\src-intro\org\eclipse\platform\internal\Attic\Messages.java,R35x_v20100108,1.2
org.eclipse.platform\src-intro\org\eclipse\platform\internal\Attic\Messages.java,v20091106,1.2
org.eclipse.platform\src-intro\org\eclipse\platform\internal\Attic\Messages.java,R3_5_1,1.2
org.eclipse.platform\src-intro\org\eclipse\platform\internal\Attic\Messages.java,v20090921-1800,1.2
org.eclipse.platform\src-intro\org\eclipse\platform\internal\Attic\Messages.java,v20090918,1.2
org.eclipse.platform\src-intro\org\eclipse\platform\internal\Attic\Messages.java,R35x_v20090813,1.2
org.eclipse.platform\src-intro\org\eclipse\platform\internal\Attic\Messages.java,R3_5_maintenance,1.2.0.10
org.eclipse.platform\src-intro\org\eclipse\platform\internal\Attic\Messages.java,R3_5,1.2
org.eclipse.platform\src-intro\org\eclipse\platform\internal\Attic\Messages.java,v20090519,1.2
org.eclipse.platform\src-intro\org\eclipse\platform\internal\Attic\Messages.java,v20090330,1.2
org.eclipse.platform\src-intro\org\eclipse\platform\internal\Attic\Messages.java,v20090309,1.2
org.eclipse.platform\src-intro\org\eclipse\platform\internal\Attic\Messages.java,v20090305,1.2
org.eclipse.platform\src-intro\org\eclipse\platform\internal\Attic\Messages.java,R3_4_2,1.2
org.eclipse.platform\src-intro\org\eclipse\platform\internal\Attic\Messages.java,v200901301500,1.2
org.eclipse.platform\src-intro\org\eclipse\platform\internal\Attic\Messages.java,v200901301200,1.2
org.eclipse.platform\src-intro\org\eclipse\platform\internal\Attic\Messages.java,R342_v20090126,1.2
org.eclipse.platform\src-intro\org\eclipse\platform\internal\Attic\Messages.java,v20090123,1.2
org.eclipse.platform\src-intro\org\eclipse\platform\internal\Attic\Messages.java,R342_v20090122,1.2
org.eclipse.platform\src-intro\org\eclipse\platform\internal\Attic\Messages.java,v20081211,1.2
org.eclipse.platform\src-intro\org\eclipse\platform\internal\Attic\Messages.java,v20081209,1.2
org.eclipse.platform\src-intro\org\eclipse\platform\internal\Attic\Messages.java,v20081208,1.2
org.eclipse.platform\src-intro\org\eclipse\platform\internal\Attic\Messages.java,r20081205,1.2
org.eclipse.platform\src-intro\org\eclipse\platform\internal\Attic\Messages.java,v20081121,1.2
org.eclipse.platform\src-intro\org\eclipse\platform\internal\Attic\Messages.java,v20081107,1.2
org.eclipse.platform\src-intro\org\eclipse\platform\internal\Attic\Messages.java,R3_4_1,1.2
org.eclipse.platform\src-intro\org\eclipse\platform\internal\Attic\Messages.java,R34x_v20080818,1.2
org.eclipse.platform\src-intro\org\eclipse\platform\internal\Attic\Messages.java,r341_v20080731,1.2
org.eclipse.platform\src-intro\org\eclipse\platform\internal\Attic\Messages.java,r341_v20080703,1.2
org.eclipse.platform\src-intro\org\eclipse\platform\internal\Attic\Messages.java,R3_4_maintenance,1.2.0.8
org.eclipse.platform\src-intro\org\eclipse\platform\internal\Attic\Messages.java,r20080703,1.2
org.eclipse.platform\src-intro\org\eclipse\platform\internal\Attic\Messages.java,R3_4,1.2
org.eclipse.platform\src-intro\org\eclipse\platform\internal\Attic\Messages.java,v20080606,1.2
org.eclipse.platform\src-intro\org\eclipse\platform\internal\Attic\Messages.java,R3_3_2,1.2
org.eclipse.platform\src-intro\org\eclipse\platform\internal\Attic\Messages.java,v20080403,1.2
org.eclipse.platform\src-intro\org\eclipse\platform\internal\Attic\Messages.java,I20080320,1.2
org.eclipse.platform\src-intro\org\eclipse\platform\internal\Attic\Messages.java,I20080318,1.2
org.eclipse.platform\src-intro\org\eclipse\platform\internal\Attic\Messages.java,I20080204-0800,1.2
org.eclipse.platform\src-intro\org\eclipse\platform\internal\Attic\Messages.java,r33x_r20080129,1.2
org.eclipse.platform\src-intro\org\eclipse\platform\internal\Attic\Messages.java,R33x_v20080130,1.2
org.eclipse.platform\src-intro\org\eclipse\platform\internal\Attic\Messages.java,I20080205-0800,1.2
org.eclipse.platform\src-intro\org\eclipse\platform\internal\Attic\Messages.java,v20080107,1.2
org.eclipse.platform\src-intro\org\eclipse\platform\internal\Attic\Messages.java,R33x_v20071217,1.2
org.eclipse.platform\src-intro\org\eclipse\platform\internal\Attic\Messages.java,R33x_v20071117,1.2
org.eclipse.platform\src-intro\org\eclipse\platform\internal\Attic\Messages.java,r323_v20071108,1.2
org.eclipse.platform\src-intro\org\eclipse\platform\internal\Attic\Messages.java,I20071113,1.2
org.eclipse.platform\src-intro\org\eclipse\platform\internal\Attic\Messages.java,R3_3_1_1,1.2
org.eclipse.platform\src-intro\org\eclipse\platform\internal\Attic\Messages.java,R33x_v20071022,1.2
org.eclipse.platform\src-intro\org\eclipse\platform\internal\Attic\Messages.java,R3_3_1_maintenance,1.2.0.6
org.eclipse.platform\src-intro\org\eclipse\platform\internal\Attic\Messages.java,R33x_v20071010,1.2
org.eclipse.platform\src-intro\org\eclipse\platform\internal\Attic\Messages.java,R3_3_1,1.2
org.eclipse.platform\src-intro\org\eclipse\platform\internal\Attic\Messages.java,v20070807,1.2
org.eclipse.platform\src-intro\org\eclipse\platform\internal\Attic\Messages.java,M20070725,1.2
org.eclipse.platform\src-intro\org\eclipse\platform\internal\Attic\Messages.java,M20070718,1.2
org.eclipse.platform\src-intro\org\eclipse\platform\internal\Attic\Messages.java,I20070717-0800,1.2
org.eclipse.platform\src-intro\org\eclipse\platform\internal\Attic\Messages.java,R3_3_maintenance,1.2.0.4
org.eclipse.platform\src-intro\org\eclipse\platform\internal\Attic\Messages.java,R3_3,1.2
org.eclipse.platform\src-intro\org\eclipse\platform\internal\Attic\Messages.java,pre_R3_3,1.2
org.eclipse.platform\src-intro\org\eclipse\platform\internal\Attic\Messages.java,v20070613,1.2
org.eclipse.platform\src-intro\org\eclipse\platform\internal\Attic\Messages.java,v20070607,1.2
org.eclipse.platform\src-intro\org\eclipse\platform\internal\Attic\Messages.java,v20070605,1.2
org.eclipse.platform\src-intro\org\eclipse\platform\internal\Attic\Messages.java,v20070601,1.2
org.eclipse.platform\src-intro\org\eclipse\platform\internal\Attic\Messages.java,I20070531-1800,1.2
org.eclipse.platform\src-intro\org\eclipse\platform\internal\Attic\Messages.java,v20070531,1.2
org.eclipse.platform\src-intro\org\eclipse\platform\internal\Attic\Messages.java,v20070419,1.2
org.eclipse.platform\src-intro\org\eclipse\platform\internal\Attic\Messages.java,I20070410-0800,1.2
org.eclipse.platform\src-intro\org\eclipse\platform\internal\Attic\Messages.java,v20070316,1.2
org.eclipse.platform\src-intro\org\eclipse\platform\internal\Attic\Messages.java,v20070228-0800,1.2
org.eclipse.platform\src-intro\org\eclipse\platform\internal\Attic\Messages.java,R3_2_2,1.2
org.eclipse.platform\src-intro\org\eclipse\platform\internal\Attic\Messages.java,v20070205,1.2
org.eclipse.platform\src-intro\org\eclipse\platform\internal\Attic\Messages.java,v20070126,1.2
org.eclipse.platform\src-intro\org\eclipse\platform\internal\Attic\Messages.java,v20070124,1.2
org.eclipse.platform\src-intro\org\eclipse\platform\internal\Attic\Messages.java,v20070123,1.2
org.eclipse.platform\src-intro\org\eclipse\platform\internal\Attic\Messages.java,v20070119,1.2
org.eclipse.platform\src-intro\org\eclipse\platform\internal\Attic\Messages.java,r322_v20070117b,1.2
org.eclipse.platform\src-intro\org\eclipse\platform\internal\Attic\Messages.java,r322_v20070117,1.2
org.eclipse.platform\src-intro\org\eclipse\platform\internal\Attic\Messages.java,v20070117,1.2
org.eclipse.platform\src-intro\org\eclipse\platform\internal\Attic\Messages.java,v20070116,1.2
org.eclipse.platform\src-intro\org\eclipse\platform\internal\Attic\Messages.java,r322_v20070115,1.2
org.eclipse.platform\src-intro\org\eclipse\platform\internal\Attic\Messages.java,v20070111,1.2
org.eclipse.platform\src-intro\org\eclipse\platform\internal\Attic\Messages.java,v20070108,1.2
org.eclipse.platform\src-intro\org\eclipse\platform\internal\Attic\Messages.java,v20061215,1.2
org.eclipse.platform\src-intro\org\eclipse\platform\internal\Attic\Messages.java,v20061214,1.2
org.eclipse.platform\src-intro\org\eclipse\platform\internal\Attic\Messages.java,v20061211,1.2
org.eclipse.platform\src-intro\org\eclipse\platform\internal\Attic\Messages.java,v20061206,1.2
org.eclipse.platform\src-intro\org\eclipse\platform\internal\Attic\Messages.java,v20061130,1.2
org.eclipse.platform\src-intro\org\eclipse\platform\internal\Attic\Messages.java,v20061030,1.2
org.eclipse.platform\src-intro\org\eclipse\platform\internal\Attic\Messages.java,R3_2_1,1.2
org.eclipse.platform\src-intro\org\eclipse\platform\internal\Attic\Messages.java,v20060829,1.2
org.eclipse.platform\src-intro\org\eclipse\platform\internal\Attic\Messages.java,R3_2,1.2
org.eclipse.platform\src-intro\org\eclipse\platform\internal\Attic\Messages.java,R3_2_maintenance,1.2.0.2
org.eclipse.platform\src-intro\org\eclipse\platform\internal\Attic\Messages.java,I20060605-1430,1.2
org.eclipse.platform\src-intro\org\eclipse\platform\internal\Attic\Messages.java,v20060601,1.2
org.eclipse.platform\src-intro\org\eclipse\platform\internal\Attic\Messages.java,v20060530,1.2
org.eclipse.platform\src-intro\org\eclipse\platform\internal\Attic\Messages.java,v20060529,1.2
org.eclipse.platform\src-intro\org\eclipse\platform\internal\Attic\Messages.java,v20060526,1.2
org.eclipse.platform\src-intro\org\eclipse\platform\internal\Attic\Messages.java,v20060525,1.2
org.eclipse.platform\src-intro\org\eclipse\platform\internal\Attic\Messages.java,v20060519a,1.2
org.eclipse.platform\src-intro\org\eclipse\platform\internal\Attic\Messages.java,v20060509,1.2
org.eclipse.platform\src-intro\org\eclipse\platform\internal\Attic\Messages.java,v20060508,1.2
org.eclipse.platform\src-intro\org\eclipse\platform\internal\Attic\Messages.java,v20060505,1.2
org.eclipse.platform\src-intro\org\eclipse\platform\internal\Attic\Messages.java,v20060504a,1.2
org.eclipse.platform\src-intro\org\eclipse\platform\internal\Attic\Messages.java,v20060503,1.2
org.eclipse.platform\src-intro\org\eclipse\platform\internal\Attic\Messages.java,v20060427-2000,1.2
org.eclipse.platform\src-intro\org\eclipse\platform\internal\Attic\Messages.java,v20060426,1.2
org.eclipse.platform\src-intro\org\eclipse\platform\internal\Attic\Messages.java,v20060413-1200,1.2
org.eclipse.platform\src-intro\org\eclipse\platform\internal\Attic\Messages.java,v20060412b,1.2
org.eclipse.platform\src-intro\org\eclipse\platform\internal\Attic\Messages.java,v20060404,1.2
org.eclipse.platform\src-intro\org\eclipse\platform\internal\Attic\Messages.java,v20060329,1.2
org.eclipse.platform\src-intro\org\eclipse\platform\internal\Attic\Messages.java,v20060327,1.1
org.eclipse.platform\src-intro\org\eclipse\platform\internal\Attic\Messages.java,v20060326,1.2
org.eclipse.platform\src-intro\org\eclipse\platform\internal\Attic\Messages.java,v20060322,1.1
org.eclipse.platform\src-intro\org\eclipse\platform\internal\Attic\Messages.java,v20060320a,1.1
org.eclipse.platform\src-intro\org\eclipse\platform\internal\Attic\Messages.java,v20060320,1.1
org.eclipse.platform\src-intro\org\eclipse\platform\internal\Attic\Messages.java,v20060317,1.1;
